BAM,HEADER,phase,duty,pos_counts,vel_rad_s  (V_BUS=12.0V COUNTS_PER_REV=1976 dt=10ms)
BAM,10,stair,60,0,0.000
BAM,20,stair,60,0,0.000
BAM,30,stair,60,0,0.000
BAM,40,stair,60,0,0.000
BAM,50,stair,60,0,0.000
BAM,60,stair,60,0,0.000
BAM,70,stair,60,0,0.000
BAM,80,stair,60,0,0.000
BAM,90,stair,60,0,0.000
BAM,100,stair,60,0,0.000
BAM,110,stair,60,0,0.000
BAM,120,stair,60,0,0.000
BAM,130,stair,60,0,0.000
BAM,140,stair,60,0,0.000
BAM,150,stair,60,0,0.000
BAM,160,stair,60,0,0.000
BAM,170,stair,60,0,0.000
BAM,180,stair,60,0,0.000
BAM,190,stair,60,0,0.000
BAM,200,stair,60,0,0.000
BAM,210,stair,60,0,0.000
BAM,220,stair,60,0,0.000
BAM,230,stair,60,0,0.000
BAM,240,stair,60,0,0.000
BAM,250,stair,60,0,0.000
BAM,260,stair,60,0,0.000
BAM,270,stair,60,0,0.000
BAM,280,stair,60,0,0.000
BAM,290,stair,60,0,0.000
BAM,300,stair,60,0,0.000
BAM,310,stair,60,0,0.000
BAM,320,stair,60,0,0.000
BAM,330,stair,60,0,0.000
BAM,340,stair,60,0,0.000
BAM,350,stair,60,0,0.000
BAM,360,stair,60,0,0.000
BAM,370,stair,60,0,0.000
BAM,380,stair,60,0,0.000
BAM,390,stair,60,0,0.000
BAM,400,stair,60,0,0.000
BAM,410,stair,60,0,0.000
BAM,420,stair,60,0,0.000
BAM,430,stair,60,0,0.000
BAM,440,stair,60,0,0.000
BAM,450,stair,60,0,0.000
BAM,460,stair,60,0,0.000
BAM,470,stair,60,0,0.000
BAM,480,stair,60,0,0.000
BAM,490,stair,60,0,0.000
BAM,500,stair,60,0,0.000
BAM,510,stair,60,0,0.000
BAM,520,stair,60,0,0.000
BAM,530,stair,60,0,0.000
BAM,540,stair,60,0,0.000
BAM,550,stair,60,0,0.000
BAM,560,stair,60,0,0.000
BAM,570,stair,60,0,0.000
BAM,580,stair,60,0,0.000
BAM,590,stair,60,0,0.000
BAM,600,stair,60,0,0.000
BAM,610,stair,60,0,0.000
BAM,620,stair,60,0,0.000
BAM,630,stair,60,0,0.000
BAM,640,stair,60,0,0.000
BAM,650,stair,60,0,0.000
BAM,660,stair,60,0,0.000
BAM,670,stair,60,0,0.000
BAM,680,stair,60,0,0.000
BAM,690,stair,60,0,0.000
BAM,700,stair,60,0,0.000
BAM,710,stair,60,0,0.000
BAM,720,stair,60,0,0.000
BAM,730,stair,60,0,0.000
BAM,740,stair,60,0,0.000
BAM,750,stair,60,0,0.000
BAM,760,stair,60,0,0.000
BAM,770,stair,60,0,0.000
BAM,780,stair,60,0,0.000
BAM,790,stair,60,0,0.000
BAM,800,stair,60,0,0.000
BAM,810,stair,60,0,0.000
BAM,820,stair,60,0,0.000
BAM,830,stair,60,0,0.000
BAM,840,stair,60,0,0.000
BAM,850,stair,60,0,0.000
BAM,860,stair,60,0,0.000
BAM,870,stair,60,0,0.000
BAM,880,stair,60,0,0.000
BAM,890,stair,60,0,0.000
BAM,900,stair,60,0,0.000
BAM,910,stair,60,0,0.000
BAM,920,stair,60,0,0.000
BAM,930,stair,60,0,0.000
BAM,940,stair,60,0,0.000
BAM,950,stair,60,0,0.000
BAM,960,stair,60,0,0.000
BAM,970,stair,60,0,0.000
BAM,980,stair,60,0,0.000
BAM,990,stair,60,0,0.000
BAM,1000,stair,60,0,0.000
BAM,1010,stair,60,0,0.000
BAM,1020,stair,60,0,0.000
BAM,1030,stair,60,0,0.000
BAM,1040,stair,60,0,0.000
BAM,1050,stair,60,0,0.000
BAM,1060,stair,60,0,0.000
BAM,1070,stair,60,0,0.000
BAM,1080,stair,60,0,0.000
BAM,1090,stair,60,0,0.000
BAM,1100,stair,60,0,0.000
BAM,1110,stair,60,0,0.000
BAM,1120,stair,60,0,0.000
BAM,1130,stair,60,0,0.000
BAM,1140,stair,60,0,0.000
BAM,1150,stair,60,0,0.000
BAM,1160,stair,60,0,0.000
BAM,1170,stair,60,0,0.000
BAM,1180,stair,60,0,0.000
BAM,1190,stair,60,0,0.000
BAM,1200,stair,60,0,0.000
BAM,1210,stair,60,0,0.000
BAM,1220,stair,60,0,0.000
BAM,1230,stair,60,0,0.000
BAM,1240,stair,60,0,0.000
BAM,1250,stair,60,0,0.000
BAM,1260,stair,60,0,0.000
BAM,1270,stair,60,0,0.000
BAM,1280,stair,60,0,0.000
BAM,1290,stair,60,0,0.000
BAM,1300,stair,60,0,0.000
BAM,1310,stair,60,0,0.000
BAM,1320,stair,60,0,0.000
BAM,1330,stair,60,0,0.000
BAM,1340,stair,60,0,0.000
BAM,1350,stair,60,0,0.000
BAM,1360,stair,60,0,0.000
BAM,1370,stair,60,0,0.000
BAM,1380,stair,60,0,0.000
BAM,1390,stair,60,0,0.000
BAM,1400,stair,60,0,0.000
BAM,1410,stair,60,0,0.000
BAM,1420,stair,60,0,0.000
BAM,1430,stair,60,0,0.000
BAM,1440,stair,60,0,0.000
BAM,1450,stair,60,0,0.000
BAM,1460,stair,60,0,0.000
BAM,1470,stair,60,0,0.000
BAM,1480,stair,60,0,0.000
BAM,1490,stair,60,0,0.000
BAM,1500,stair,60,0,0.000
BAM,1510,stair,90,0,0.000
BAM,1520,stair,90,0,0.000
BAM,1530,stair,90,0,0.000
BAM,1540,stair,90,0,0.000
BAM,1550,stair,90,0,0.000
BAM,1560,stair,90,0,0.000
BAM,1570,stair,90,0,0.000
BAM,1580,stair,90,0,0.000
BAM,1590,stair,90,0,0.000
BAM,1600,stair,90,0,0.000
BAM,1610,stair,90,0,0.000
BAM,1620,stair,90,0,0.000
BAM,1630,stair,90,0,0.000
BAM,1640,stair,90,0,0.000
BAM,1650,stair,90,0,0.000
BAM,1660,stair,90,0,0.000
BAM,1670,stair,90,0,0.000
BAM,1680,stair,90,0,0.000
BAM,1690,stair,90,0,0.000
BAM,1700,stair,90,0,0.000
BAM,1710,stair,90,0,0.000
BAM,1720,stair,90,0,0.000
BAM,1730,stair,90,0,0.000
BAM,1740,stair,90,0,0.000
BAM,1750,stair,90,0,0.000
BAM,1760,stair,90,0,0.000
BAM,1770,stair,90,0,0.000
BAM,1780,stair,90,0,0.000
BAM,1790,stair,90,0,0.000
BAM,1800,stair,90,0,0.000
BAM,1810,stair,90,0,0.000
BAM,1820,stair,90,0,0.000
BAM,1830,stair,90,0,0.000
BAM,1840,stair,90,0,0.000
BAM,1850,stair,90,0,0.000
BAM,1860,stair,90,0,0.000
BAM,1870,stair,90,0,0.000
BAM,1880,stair,90,0,0.000
BAM,1890,stair,90,0,0.000
BAM,1900,stair,90,0,0.000
BAM,1910,stair,90,0,0.000
BAM,1920,stair,90,0,0.000
BAM,1930,stair,90,0,0.000
BAM,1940,stair,90,0,0.000
BAM,1950,stair,90,0,0.000
BAM,1960,stair,90,0,0.000
BAM,1970,stair,90,0,0.000
BAM,1980,stair,90,0,0.000
BAM,1990,stair,90,0,0.000
BAM,2000,stair,90,0,0.000
BAM,2010,stair,90,0,0.000
BAM,2020,stair,90,0,0.000
BAM,2030,stair,90,0,0.000
BAM,2040,stair,90,0,0.000
BAM,2050,stair,90,0,0.000
BAM,2060,stair,90,0,0.000
BAM,2070,stair,90,0,0.000
BAM,2080,stair,90,0,0.000
BAM,2090,stair,90,0,0.000
BAM,2100,stair,90,0,0.000
BAM,2110,stair,90,0,0.000
BAM,2120,stair,90,0,0.000
BAM,2130,stair,90,0,0.000
BAM,2140,stair,90,0,0.000
BAM,2150,stair,90,0,0.000
BAM,2160,stair,90,0,0.000
BAM,2170,stair,90,0,0.000
BAM,2180,stair,90,0,0.000
BAM,2190,stair,90,0,0.000
BAM,2200,stair,90,0,0.000
BAM,2210,stair,90,0,0.000
BAM,2220,stair,90,0,0.000
BAM,2230,stair,90,0,0.000
BAM,2240,stair,90,0,0.000
BAM,2250,stair,90,0,0.000
BAM,2260,stair,90,0,0.000
BAM,2270,stair,90,0,0.000
BAM,2280,stair,90,0,0.000
BAM,2290,stair,90,0,0.000
BAM,2300,stair,90,0,0.000
BAM,2310,stair,90,0,0.000
BAM,2320,stair,90,0,0.000
BAM,2330,stair,90,0,0.000
BAM,2340,stair,90,0,0.000
BAM,2350,stair,90,0,0.000
BAM,2360,stair,90,0,0.000
BAM,2370,stair,90,0,0.000
BAM,2380,stair,90,0,0.000
BAM,2390,stair,90,0,0.000
BAM,2400,stair,90,0,0.000
BAM,2410,stair,90,0,0.000
BAM,2420,stair,90,0,0.000
BAM,2430,stair,90,0,0.000
BAM,2440,stair,90,0,0.000
BAM,2450,stair,90,0,0.000
BAM,2460,stair,90,0,0.000
BAM,2470,stair,90,0,0.000
BAM,2480,stair,90,0,0.000
BAM,2490,stair,90,0,0.000
BAM,2500,stair,90,0,0.000
BAM,2510,stair,90,0,0.000
BAM,2520,stair,90,0,0.000
BAM,2530,stair,90,0,0.000
BAM,2540,stair,90,0,0.000
BAM,2550,stair,90,0,0.000
BAM,2560,stair,90,0,0.000
BAM,2570,stair,90,0,0.000
BAM,2580,stair,90,0,0.000
BAM,2590,stair,90,0,0.000
BAM,2600,stair,90,0,0.000
BAM,2610,stair,90,0,0.000
BAM,2620,stair,90,0,0.000
BAM,2630,stair,90,0,0.000
BAM,2640,stair,90,0,0.000
BAM,2650,stair,90,0,0.000
BAM,2660,stair,90,0,0.000
BAM,2670,stair,90,0,0.000
BAM,2680,stair,90,0,0.000
BAM,2690,stair,90,0,0.000
BAM,2700,stair,90,0,0.000
BAM,2710,stair,90,0,0.000
BAM,2720,stair,90,0,0.000
BAM,2730,stair,90,0,0.000
BAM,2740,stair,90,0,0.000
BAM,2750,stair,90,0,0.000
BAM,2760,stair,90,0,0.000
BAM,2770,stair,90,0,0.000
BAM,2780,stair,90,0,0.000
BAM,2790,stair,90,0,0.000
BAM,2800,stair,90,0,0.000
BAM,2810,stair,90,0,0.000
BAM,2820,stair,90,0,0.000
BAM,2830,stair,90,0,0.000
BAM,2840,stair,90,0,0.000
BAM,2850,stair,90,0,0.000
BAM,2860,stair,90,0,0.000
BAM,2870,stair,90,0,0.000
BAM,2880,stair,90,0,0.000
BAM,2890,stair,90,0,0.000
BAM,2900,stair,90,0,0.000
BAM,2910,stair,90,0,0.000
BAM,2920,stair,90,0,0.000
BAM,2930,stair,90,0,0.000
BAM,2940,stair,90,0,0.000
BAM,2950,stair,90,0,0.000
BAM,2960,stair,90,0,0.000
BAM,2970,stair,90,0,0.000
BAM,2980,stair,90,0,0.000
BAM,2990,stair,90,0,0.000
BAM,3000,stair,90,0,0.000
BAM,3010,stair,120,0,0.000
BAM,3020,stair,120,0,0.000
BAM,3030,stair,120,0,0.000
BAM,3040,stair,120,0,0.000
BAM,3050,stair,120,0,0.000
BAM,3060,stair,120,0,0.000
BAM,3070,stair,120,0,0.000
BAM,3080,stair,120,0,0.000
BAM,3090,stair,120,0,0.000
BAM,3100,stair,120,0,0.000
BAM,3110,stair,120,0,0.000
BAM,3120,stair,120,0,0.000
BAM,3130,stair,120,0,0.000
BAM,3140,stair,120,0,0.000
BAM,3150,stair,120,0,0.000
BAM,3160,stair,120,0,0.000
BAM,3170,stair,120,0,0.000
BAM,3180,stair,120,0,0.000
BAM,3190,stair,120,0,0.000
BAM,3200,stair,120,0,0.000
BAM,3210,stair,120,0,0.000
BAM,3220,stair,120,0,0.000
BAM,3230,stair,120,0,0.000
BAM,3240,stair,120,0,0.000
BAM,3250,stair,120,0,0.000
BAM,3260,stair,120,0,0.000
BAM,3270,stair,120,0,0.000
BAM,3280,stair,120,0,0.000
BAM,3290,stair,120,0,0.000
BAM,3300,stair,120,0,0.000
BAM,3310,stair,120,0,0.000
BAM,3320,stair,120,0,0.000
BAM,3330,stair,120,0,0.000
BAM,3340,stair,120,0,0.000
BAM,3350,stair,120,0,0.000
BAM,3360,stair,120,0,0.000
BAM,3370,stair,120,0,0.000
BAM,3380,stair,120,0,0.000
BAM,3390,stair,120,0,0.000
BAM,3400,stair,120,0,0.000
BAM,3410,stair,120,0,0.000
BAM,3420,stair,120,0,0.000
BAM,3430,stair,120,0,0.000
BAM,3440,stair,120,0,0.000
BAM,3450,stair,120,0,0.000
BAM,3460,stair,120,0,0.000
BAM,3470,stair,120,0,0.000
BAM,3480,stair,120,0,0.000
BAM,3490,stair,120,0,0.000
BAM,3500,stair,120,0,0.000
BAM,3510,stair,120,0,0.000
BAM,3520,stair,120,0,0.000
BAM,3530,stair,120,0,0.000
BAM,3540,stair,120,0,0.000
BAM,3550,stair,120,0,0.000
BAM,3560,stair,120,0,0.000
BAM,3570,stair,120,0,0.000
BAM,3580,stair,120,0,0.000
BAM,3590,stair,120,0,0.000
BAM,3600,stair,120,0,0.000
BAM,3610,stair,120,0,0.000
BAM,3620,stair,120,0,0.000
BAM,3630,stair,120,0,0.000
BAM,3640,stair,120,0,0.000
BAM,3650,stair,120,0,0.000
BAM,3660,stair,120,0,0.000
BAM,3670,stair,120,0,0.000
BAM,3680,stair,120,0,0.000
BAM,3690,stair,120,0,0.000
BAM,3700,stair,120,0,0.000
BAM,3710,stair,120,0,0.000
BAM,3720,stair,120,0,0.000
BAM,3730,stair,120,0,0.000
BAM,3740,stair,120,0,0.000
BAM,3750,stair,120,0,0.000
BAM,3760,stair,120,0,0.000
BAM,3770,stair,120,0,0.000
BAM,3780,stair,120,0,0.000
BAM,3790,stair,120,0,0.000
BAM,3800,stair,120,0,0.000
BAM,3810,stair,120,0,0.000
BAM,3820,stair,120,0,0.000
BAM,3830,stair,120,0,0.000
BAM,3840,stair,120,0,0.000
BAM,3850,stair,120,0,0.000
BAM,3860,stair,120,0,0.000
BAM,3870,stair,120,0,0.000
BAM,3880,stair,120,0,0.000
BAM,3890,stair,120,0,0.000
BAM,3900,stair,120,0,0.000
BAM,3910,stair,120,0,0.000
BAM,3920,stair,120,0,0.000
BAM,3930,stair,120,0,0.000
BAM,3940,stair,120,0,0.000
BAM,3950,stair,120,0,0.000
BAM,3960,stair,120,0,0.000
BAM,3970,stair,120,0,0.000
BAM,3980,stair,120,0,0.000
BAM,3990,stair,120,0,0.000
BAM,4000,stair,120,0,0.000
BAM,4010,stair,120,0,0.000
BAM,4020,stair,120,0,0.000
BAM,4030,stair,120,0,0.000
BAM,4040,stair,120,0,0.000
BAM,4050,stair,120,0,0.000
BAM,4060,stair,120,0,0.000
BAM,4070,stair,120,0,0.000
BAM,4080,stair,120,0,0.000
BAM,4090,stair,120,0,0.000
BAM,4100,stair,120,0,0.000
BAM,4110,stair,120,0,0.000
BAM,4120,stair,120,0,0.000
BAM,4130,stair,120,0,0.000
BAM,4140,stair,120,0,0.000
BAM,4150,stair,120,0,0.000
BAM,4160,stair,120,0,0.000
BAM,4170,stair,120,0,0.000
BAM,4180,stair,120,0,0.000
BAM,4190,stair,120,0,0.000
BAM,4200,stair,120,0,0.000
BAM,4210,stair,120,0,0.000
BAM,4220,stair,120,0,0.000
BAM,4230,stair,120,0,0.000
BAM,4240,stair,120,0,0.000
BAM,4250,stair,120,0,0.000
BAM,4260,stair,120,0,0.000
BAM,4270,stair,120,0,0.000
BAM,4280,stair,120,0,0.000
BAM,4290,stair,120,0,0.000
BAM,4300,stair,120,0,0.000
BAM,4310,stair,120,0,0.000
BAM,4320,stair,120,0,0.000
BAM,4330,stair,120,0,0.000
BAM,4340,stair,120,0,0.000
BAM,4350,stair,120,0,0.000
BAM,4360,stair,120,0,0.000
BAM,4370,stair,120,0,0.000
BAM,4380,stair,120,0,0.000
BAM,4390,stair,120,0,0.000
BAM,4400,stair,120,0,0.000
BAM,4410,stair,120,0,0.000
BAM,4420,stair,120,0,0.000
BAM,4430,stair,120,0,0.000
BAM,4440,stair,120,0,0.000
BAM,4450,stair,120,0,0.000
BAM,4460,stair,120,0,0.000
BAM,4470,stair,120,0,0.000
BAM,4480,stair,120,0,0.000
BAM,4490,stair,120,0,0.000
BAM,4500,stair,120,0,0.000
BAM,4510,stair,150,-1,-0.318
BAM,4520,stair,150,-3,-0.636
BAM,4530,stair,150,-6,-0.954
BAM,4540,stair,150,-10,-1.272
BAM,4550,stair,150,-15,-1.590
BAM,4560,stair,150,-19,-1.272
BAM,4570,stair,150,-23,-1.272
BAM,4580,stair,150,-29,-1.908
BAM,4590,stair,150,-33,-1.272
BAM,4600,stair,150,-39,-1.908
BAM,4610,stair,150,-43,-1.272
BAM,4620,stair,150,-49,-1.908
BAM,4630,stair,150,-54,-1.590
BAM,4640,stair,150,-59,-1.590
BAM,4650,stair,150,-65,-1.908
BAM,4660,stair,150,-70,-1.590
BAM,4670,stair,150,-75,-1.590
BAM,4680,stair,150,-81,-1.908
BAM,4690,stair,150,-86,-1.590
BAM,4700,stair,150,-91,-1.590
BAM,4710,stair,150,-97,-1.908
BAM,4720,stair,150,-102,-1.590
BAM,4730,stair,150,-107,-1.590
BAM,4740,stair,150,-113,-1.908
BAM,4750,stair,150,-119,-1.908
BAM,4760,stair,150,-124,-1.590
BAM,4770,stair,150,-130,-1.908
BAM,4780,stair,150,-135,-1.590
BAM,4790,stair,150,-141,-1.908
BAM,4800,stair,150,-147,-1.908
BAM,4810,stair,150,-152,-1.590
BAM,4820,stair,150,-158,-1.908
BAM,4830,stair,150,-163,-1.590
BAM,4840,stair,150,-169,-1.908
BAM,4850,stair,150,-175,-1.908
BAM,4860,stair,150,-181,-1.908
BAM,4870,stair,150,-186,-1.590
BAM,4880,stair,150,-192,-1.908
BAM,4890,stair,150,-197,-1.590
BAM,4900,stair,150,-203,-1.908
BAM,4910,stair,150,-209,-1.908
BAM,4920,stair,150,-215,-1.908
BAM,4930,stair,150,-221,-1.908
BAM,4940,stair,150,-226,-1.590
BAM,4950,stair,150,-232,-1.908
BAM,4960,stair,150,-238,-1.908
BAM,4970,stair,150,-243,-1.590
BAM,4980,stair,150,-249,-1.908
BAM,4990,stair,150,-255,-1.908
BAM,5000,stair,150,-261,-1.908
BAM,5010,stair,150,-267,-1.908
BAM,5020,stair,150,-272,-1.590
BAM,5030,stair,150,-278,-1.908
BAM,5040,stair,150,-283,-1.590
BAM,5050,stair,150,-289,-1.908
BAM,5060,stair,150,-295,-1.908
BAM,5070,stair,150,-300,-1.590
BAM,5080,stair,150,-306,-1.908
BAM,5090,stair,150,-311,-1.590
BAM,5100,stair,150,-317,-1.908
BAM,5110,stair,150,-322,-1.590
BAM,5120,stair,150,-327,-1.590
BAM,5130,stair,150,-333,-1.908
BAM,5140,stair,150,-339,-1.908
BAM,5150,stair,150,-344,-1.590
BAM,5160,stair,150,-349,-1.590
BAM,5170,stair,150,-355,-1.908
BAM,5180,stair,150,-361,-1.908
BAM,5190,stair,150,-367,-1.908
BAM,5200,stair,150,-372,-1.590
BAM,5210,stair,150,-377,-1.590
BAM,5220,stair,150,-383,-1.908
BAM,5230,stair,150,-389,-1.908
BAM,5240,stair,150,-394,-1.590
BAM,5250,stair,150,-399,-1.590
BAM,5260,stair,150,-405,-1.908
BAM,5270,stair,150,-411,-1.908
BAM,5280,stair,150,-416,-1.590
BAM,5290,stair,150,-421,-1.590
BAM,5300,stair,150,-427,-1.908
BAM,5310,stair,150,-433,-1.908
BAM,5320,stair,150,-438,-1.590
BAM,5330,stair,150,-444,-1.908
BAM,5340,stair,150,-449,-1.590
BAM,5350,stair,150,-455,-1.908
BAM,5360,stair,150,-461,-1.908
BAM,5370,stair,150,-467,-1.908
BAM,5380,stair,150,-472,-1.590
BAM,5390,stair,150,-478,-1.908
BAM,5400,stair,150,-483,-1.590
BAM,5410,stair,150,-489,-1.908
BAM,5420,stair,150,-495,-1.908
BAM,5430,stair,150,-501,-1.908
BAM,5440,stair,150,-507,-1.908
BAM,5450,stair,150,-512,-1.590
BAM,5460,stair,150,-518,-1.908
BAM,5470,stair,150,-524,-1.908
BAM,5480,stair,150,-529,-1.590
BAM,5490,stair,150,-535,-1.908
BAM,5500,stair,150,-541,-1.908
BAM,5510,stair,150,-547,-1.908
BAM,5520,stair,150,-553,-1.908
BAM,5530,stair,150,-559,-1.908
BAM,5540,stair,150,-564,-1.590
BAM,5550,stair,150,-570,-1.908
BAM,5560,stair,150,-576,-1.908
BAM,5570,stair,150,-581,-1.590
BAM,5580,stair,150,-587,-1.908
BAM,5590,stair,150,-593,-1.908
BAM,5600,stair,150,-599,-1.908
BAM,5610,stair,150,-605,-1.908
BAM,5620,stair,150,-611,-1.908
BAM,5630,stair,150,-616,-1.590
BAM,5640,stair,150,-622,-1.908
BAM,5650,stair,150,-628,-1.908
BAM,5660,stair,150,-634,-1.908
BAM,5670,stair,150,-639,-1.590
BAM,5680,stair,150,-645,-1.908
BAM,5690,stair,150,-651,-1.908
BAM,5700,stair,150,-657,-1.908
BAM,5710,stair,150,-663,-1.908
BAM,5720,stair,150,-669,-1.908
BAM,5730,stair,150,-674,-1.590
BAM,5740,stair,150,-680,-1.908
BAM,5750,stair,150,-686,-1.908
BAM,5760,stair,150,-691,-1.590
BAM,5770,stair,150,-697,-1.908
BAM,5780,stair,150,-703,-1.908
BAM,5790,stair,150,-709,-1.908
BAM,5800,stair,150,-715,-1.908
BAM,5810,stair,150,-721,-1.908
BAM,5820,stair,150,-727,-1.908
BAM,5830,stair,150,-732,-1.590
BAM,5840,stair,150,-738,-1.908
BAM,5850,stair,150,-744,-1.908
BAM,5860,stair,150,-750,-1.908
BAM,5870,stair,150,-755,-1.590
BAM,5880,stair,150,-761,-1.908
BAM,5890,stair,150,-767,-1.908
BAM,5900,stair,150,-773,-1.908
BAM,5910,stair,150,-779,-1.908
BAM,5920,stair,150,-785,-1.908
BAM,5930,stair,150,-790,-1.590
BAM,5940,stair,150,-796,-1.908
BAM,5950,stair,150,-802,-1.908
BAM,5960,stair,150,-807,-1.590
BAM,5970,stair,150,-813,-1.908
BAM,5980,stair,150,-819,-1.908
BAM,5990,stair,150,-825,-1.908
BAM,6000,stair,150,-831,-1.908
BAM,6010,stair,180,-838,-2.226
BAM,6020,stair,180,-849,-3.498
BAM,6030,stair,180,-862,-4.134
BAM,6040,stair,180,-876,-4.452
BAM,6050,stair,180,-891,-4.770
BAM,6060,stair,180,-906,-4.770
BAM,6070,stair,180,-922,-5.088
BAM,6080,stair,180,-937,-4.770
BAM,6090,stair,180,-953,-5.088
BAM,6100,stair,180,-970,-5.406
BAM,6110,stair,180,-986,-5.088
BAM,6120,stair,180,-1003,-5.406
BAM,6130,stair,180,-1019,-5.088
BAM,6140,stair,180,-1035,-5.088
BAM,6150,stair,180,-1051,-5.088
BAM,6160,stair,180,-1068,-5.406
BAM,6170,stair,180,-1084,-5.088
BAM,6180,stair,180,-1101,-5.406
BAM,6190,stair,180,-1117,-5.088
BAM,6200,stair,180,-1133,-5.088
BAM,6210,stair,180,-1150,-5.406
BAM,6220,stair,180,-1167,-5.406
BAM,6230,stair,180,-1183,-5.088
BAM,6240,stair,180,-1199,-5.088
BAM,6250,stair,180,-1216,-5.406
BAM,6260,stair,180,-1233,-5.406
BAM,6270,stair,180,-1249,-5.088
BAM,6280,stair,180,-1265,-5.088
BAM,6290,stair,180,-1282,-5.406
BAM,6300,stair,180,-1299,-5.406
BAM,6310,stair,180,-1315,-5.088
BAM,6320,stair,180,-1331,-5.088
BAM,6330,stair,180,-1348,-5.406
BAM,6340,stair,180,-1365,-5.406
BAM,6350,stair,180,-1381,-5.088
BAM,6360,stair,180,-1398,-5.406
BAM,6370,stair,180,-1415,-5.406
BAM,6380,stair,180,-1431,-5.088
BAM,6390,stair,180,-1447,-5.088
BAM,6400,stair,180,-1464,-5.406
BAM,6410,stair,180,-1481,-5.406
BAM,6420,stair,180,-1497,-5.088
BAM,6430,stair,180,-1514,-5.406
BAM,6440,stair,180,-1531,-5.406
BAM,6450,stair,180,-1547,-5.088
BAM,6460,stair,180,-1564,-5.406
BAM,6470,stair,180,-1581,-5.406
BAM,6480,stair,180,-1597,-5.088
BAM,6490,stair,180,-1614,-5.406
BAM,6500,stair,180,-1630,-5.088
BAM,6510,stair,180,-1647,-5.406
BAM,6520,stair,180,-1663,-5.088
BAM,6530,stair,180,-1680,-5.406
BAM,6540,stair,180,-1697,-5.406
BAM,6550,stair,180,-1713,-5.088
BAM,6560,stair,180,-1730,-5.406
BAM,6570,stair,180,-1747,-5.406
BAM,6580,stair,180,-1763,-5.088
BAM,6590,stair,180,-1780,-5.406
BAM,6600,stair,180,-1797,-5.406
BAM,6610,stair,180,-1813,-5.088
BAM,6620,stair,180,-1830,-5.406
BAM,6630,stair,180,-1847,-5.406
BAM,6640,stair,180,-1863,-5.088
BAM,6650,stair,180,-1880,-5.406
BAM,6660,stair,180,-1897,-5.406
BAM,6670,stair,180,-1913,-5.088
BAM,6680,stair,180,-1929,-5.088
BAM,6690,stair,180,-1946,-5.406
BAM,6700,stair,180,-1963,-5.406
BAM,6710,stair,180,-1979,-5.088
BAM,6720,stair,180,-1996,-5.406
BAM,6730,stair,180,-2013,-5.406
BAM,6740,stair,180,-2029,-5.088
BAM,6750,stair,180,-2046,-5.406
BAM,6760,stair,180,-2062,-5.088
BAM,6770,stair,180,-2079,-5.406
BAM,6780,stair,180,-2095,-5.088
BAM,6790,stair,180,-2112,-5.406
BAM,6800,stair,180,-2129,-5.406
BAM,6810,stair,180,-2145,-5.088
BAM,6820,stair,180,-2162,-5.406
BAM,6830,stair,180,-2179,-5.406
BAM,6840,stair,180,-2195,-5.088
BAM,6850,stair,180,-2212,-5.406
BAM,6860,stair,180,-2228,-5.088
BAM,6870,stair,180,-2245,-5.406
BAM,6880,stair,180,-2261,-5.088
BAM,6890,stair,180,-2278,-5.406
BAM,6900,stair,180,-2295,-5.406
BAM,6910,stair,180,-2311,-5.088
BAM,6920,stair,180,-2328,-5.406
BAM,6930,stair,180,-2345,-5.406
BAM,6940,stair,180,-2361,-5.088
BAM,6950,stair,180,-2378,-5.406
BAM,6960,stair,180,-2395,-5.406
BAM,6970,stair,180,-2411,-5.088
BAM,6980,stair,180,-2428,-5.406
BAM,6990,stair,180,-2445,-5.406
BAM,7000,stair,180,-2461,-5.088
BAM,7010,stair,180,-2477,-5.088
BAM,7020,stair,180,-2494,-5.406
BAM,7030,stair,180,-2511,-5.406
BAM,7040,stair,180,-2527,-5.088
BAM,7050,stair,180,-2544,-5.406
BAM,7060,stair,180,-2561,-5.406
BAM,7070,stair,180,-2577,-5.088
BAM,7080,stair,180,-2594,-5.406
BAM,7090,stair,180,-2611,-5.406
BAM,7100,stair,180,-2627,-5.088
BAM,7110,stair,180,-2644,-5.406
BAM,7120,stair,180,-2661,-5.406
BAM,7130,stair,180,-2677,-5.088
BAM,7140,stair,180,-2694,-5.406
BAM,7150,stair,180,-2711,-5.406
BAM,7160,stair,180,-2727,-5.088
BAM,7170,stair,180,-2744,-5.406
BAM,7180,stair,180,-2761,-5.406
BAM,7190,stair,180,-2777,-5.088
BAM,7200,stair,180,-2794,-5.406
BAM,7210,stair,180,-2811,-5.406
BAM,7220,stair,180,-2827,-5.088
BAM,7230,stair,180,-2843,-5.088
BAM,7240,stair,180,-2860,-5.406
BAM,7250,stair,180,-2877,-5.406
BAM,7260,stair,180,-2893,-5.088
BAM,7270,stair,180,-2910,-5.406
BAM,7280,stair,180,-2927,-5.406
BAM,7290,stair,180,-2943,-5.088
BAM,7300,stair,180,-2960,-5.406
BAM,7310,stair,180,-2977,-5.406
BAM,7320,stair,180,-2993,-5.088
BAM,7330,stair,180,-3010,-5.406
BAM,7340,stair,180,-3026,-5.088
BAM,7350,stair,180,-3043,-5.406
BAM,7360,stair,180,-3059,-5.088
BAM,7370,stair,180,-3076,-5.406
BAM,7380,stair,180,-3093,-5.406
BAM,7390,stair,180,-3109,-5.088
BAM,7400,stair,180,-3126,-5.406
BAM,7410,stair,180,-3143,-5.406
BAM,7420,stair,180,-3159,-5.088
BAM,7430,stair,180,-3175,-5.088
BAM,7440,stair,180,-3192,-5.406
BAM,7450,stair,180,-3209,-5.406
BAM,7460,stair,180,-3225,-5.088
BAM,7470,stair,180,-3242,-5.406
BAM,7480,stair,180,-3259,-5.406
BAM,7490,stair,180,-3275,-5.088
BAM,7500,stair,180,-3292,-5.406
BAM,7510,stair,210,-3311,-6.042
BAM,7520,stair,210,-3332,-6.677
BAM,7530,stair,210,-3355,-7.313
BAM,7540,stair,210,-3381,-8.267
BAM,7550,stair,210,-3406,-7.949
BAM,7560,stair,210,-3433,-8.585
BAM,7570,stair,210,-3459,-8.267
BAM,7580,stair,210,-3486,-8.585
BAM,7590,stair,210,-3513,-8.585
BAM,7600,stair,210,-3540,-8.585
BAM,7610,stair,210,-3567,-8.585
BAM,7620,stair,210,-3595,-8.903
BAM,7630,stair,210,-3623,-8.903
BAM,7640,stair,210,-3650,-8.585
BAM,7650,stair,210,-3677,-8.585
BAM,7660,stair,210,-3705,-8.903
BAM,7670,stair,210,-3732,-8.585
BAM,7680,stair,210,-3759,-8.585
BAM,7690,stair,210,-3787,-8.903
BAM,7700,stair,210,-3815,-8.903
BAM,7710,stair,210,-3842,-8.585
BAM,7720,stair,210,-3870,-8.903
BAM,7730,stair,210,-3897,-8.585
BAM,7740,stair,210,-3925,-8.903
BAM,7750,stair,210,-3952,-8.585
BAM,7760,stair,210,-3980,-8.903
BAM,7770,stair,210,-4007,-8.585
BAM,7780,stair,210,-4035,-8.903
BAM,7790,stair,210,-4063,-8.903
BAM,7800,stair,210,-4090,-8.585
BAM,7810,stair,210,-4118,-8.903
BAM,7820,stair,210,-4145,-8.585
BAM,7830,stair,210,-4173,-8.903
BAM,7840,stair,210,-4201,-8.903
BAM,7850,stair,210,-4228,-8.585
BAM,7860,stair,210,-4255,-8.585
BAM,7870,stair,210,-4283,-8.903
BAM,7880,stair,210,-4311,-8.903
BAM,7890,stair,210,-4338,-8.585
BAM,7900,stair,210,-4366,-8.903
BAM,7910,stair,210,-4393,-8.585
BAM,7920,stair,210,-4421,-8.903
BAM,7930,stair,210,-4448,-8.585
BAM,7940,stair,210,-4476,-8.903
BAM,7950,stair,210,-4503,-8.585
BAM,7960,stair,210,-4531,-8.903
BAM,7970,stair,210,-4559,-8.903
BAM,7980,stair,210,-4586,-8.585
BAM,7990,stair,210,-4613,-8.585
BAM,8000,stair,210,-4641,-8.903
BAM,8010,stair,210,-4669,-8.903
BAM,8020,stair,210,-4696,-8.585
BAM,8030,stair,210,-4724,-8.903
BAM,8040,stair,210,-4751,-8.585
BAM,8050,stair,210,-4779,-8.903
BAM,8060,stair,210,-4807,-8.903
BAM,8070,stair,210,-4834,-8.585
BAM,8080,stair,210,-4861,-8.585
BAM,8090,stair,210,-4889,-8.903
BAM,8100,stair,210,-4917,-8.903
BAM,8110,stair,210,-4944,-8.585
BAM,8120,stair,210,-4972,-8.903
BAM,8130,stair,210,-4999,-8.585
BAM,8140,stair,210,-5027,-8.903
BAM,8150,stair,210,-5055,-8.903
BAM,8160,stair,210,-5082,-8.585
BAM,8170,stair,210,-5110,-8.903
BAM,8180,stair,210,-5137,-8.585
BAM,8190,stair,210,-5165,-8.903
BAM,8200,stair,210,-5193,-8.903
BAM,8210,stair,210,-5220,-8.585
BAM,8220,stair,210,-5247,-8.585
BAM,8230,stair,210,-5275,-8.903
BAM,8240,stair,210,-5303,-8.903
BAM,8250,stair,210,-5330,-8.585
BAM,8260,stair,210,-5358,-8.903
BAM,8270,stair,210,-5385,-8.585
BAM,8280,stair,210,-5413,-8.903
BAM,8290,stair,210,-5441,-8.903
BAM,8300,stair,210,-5468,-8.585
BAM,8310,stair,210,-5495,-8.585
BAM,8320,stair,210,-5523,-8.903
BAM,8330,stair,210,-5551,-8.903
BAM,8340,stair,210,-5578,-8.585
BAM,8350,stair,210,-5606,-8.903
BAM,8360,stair,210,-5633,-8.585
BAM,8370,stair,210,-5661,-8.903
BAM,8380,stair,210,-5689,-8.903
BAM,8390,stair,210,-5716,-8.585
BAM,8400,stair,210,-5744,-8.903
BAM,8410,stair,210,-5771,-8.585
BAM,8420,stair,210,-5799,-8.903
BAM,8430,stair,210,-5827,-8.903
BAM,8440,stair,210,-5854,-8.585
BAM,8450,stair,210,-5882,-8.903
BAM,8460,stair,210,-5909,-8.585
BAM,8470,stair,210,-5937,-8.903
BAM,8480,stair,210,-5965,-8.903
BAM,8490,stair,210,-5992,-8.585
BAM,8500,stair,210,-6019,-8.585
BAM,8510,stair,210,-6047,-8.903
BAM,8520,stair,210,-6075,-8.903
BAM,8530,stair,210,-6103,-8.903
BAM,8540,stair,210,-6130,-8.585
BAM,8550,stair,210,-6157,-8.585
BAM,8560,stair,210,-6185,-8.903
BAM,8570,stair,210,-6213,-8.903
BAM,8580,stair,210,-6241,-8.903
BAM,8590,stair,210,-6268,-8.585
BAM,8600,stair,210,-6295,-8.585
BAM,8610,stair,210,-6323,-8.903
BAM,8620,stair,210,-6351,-8.903
BAM,8630,stair,210,-6378,-8.585
BAM,8640,stair,210,-6406,-8.903
BAM,8650,stair,210,-6433,-8.585
BAM,8660,stair,210,-6461,-8.903
BAM,8670,stair,210,-6489,-8.903
BAM,8680,stair,210,-6516,-8.585
BAM,8690,stair,210,-6544,-8.903
BAM,8700,stair,210,-6571,-8.585
BAM,8710,stair,210,-6599,-8.903
BAM,8720,stair,210,-6627,-8.903
BAM,8730,stair,210,-6654,-8.585
BAM,8740,stair,210,-6682,-8.903
BAM,8750,stair,210,-6709,-8.585
BAM,8760,stair,210,-6737,-8.903
BAM,8770,stair,210,-6765,-8.903
BAM,8780,stair,210,-6792,-8.585
BAM,8790,stair,210,-6820,-8.903
BAM,8800,stair,210,-6847,-8.585
BAM,8810,stair,210,-6875,-8.903
BAM,8820,stair,210,-6903,-8.903
BAM,8830,stair,210,-6930,-8.585
BAM,8840,stair,210,-6958,-8.903
BAM,8850,stair,210,-6985,-8.585
BAM,8860,stair,210,-7013,-8.903
BAM,8870,stair,210,-7041,-8.903
BAM,8880,stair,210,-7068,-8.585
BAM,8890,stair,210,-7096,-8.903
BAM,8900,stair,210,-7123,-8.585
BAM,8910,stair,210,-7151,-8.903
BAM,8920,stair,210,-7179,-8.903
BAM,8930,stair,210,-7206,-8.585
BAM,8940,stair,210,-7233,-8.585
BAM,8950,stair,210,-7261,-8.903
BAM,8960,stair,210,-7289,-8.903
BAM,8970,stair,210,-7317,-8.903
BAM,8980,stair,210,-7344,-8.585
BAM,8990,stair,210,-7371,-8.585
BAM,9000,stair,210,-7399,-8.903
BAM,9010,stair,255,-7429,-9.539
BAM,9020,stair,255,-7465,-11.447
BAM,9030,stair,255,-7503,-12.083
BAM,9040,stair,255,-7543,-12.719
BAM,9050,stair,255,-7584,-13.037
BAM,9060,stair,255,-7627,-13.673
BAM,9070,stair,255,-7669,-13.355
BAM,9080,stair,255,-7712,-13.673
BAM,9090,stair,255,-7755,-13.673
BAM,9100,stair,255,-7799,-13.991
BAM,9110,stair,255,-7843,-13.991
BAM,9120,stair,255,-7886,-13.673
BAM,9130,stair,255,-7930,-13.991
BAM,9140,stair,255,-7973,-13.673
BAM,9150,stair,255,-8017,-13.991
BAM,9160,stair,255,-8061,-13.991
BAM,9170,stair,255,-8105,-13.991
BAM,9180,stair,255,-8148,-13.673
BAM,9190,stair,255,-8192,-13.991
BAM,9200,stair,255,-8235,-13.673
BAM,9210,stair,255,-8279,-13.991
BAM,9220,stair,255,-8323,-13.991
BAM,9230,stair,255,-8367,-13.991
BAM,9240,stair,255,-8411,-13.991
BAM,9250,stair,255,-8454,-13.673
BAM,9260,stair,255,-8498,-13.991
BAM,9270,stair,255,-8542,-13.991
BAM,9280,stair,255,-8585,-13.673
BAM,9290,stair,255,-8629,-13.991
BAM,9300,stair,255,-8673,-13.991
BAM,9310,stair,255,-8717,-13.991
BAM,9320,stair,255,-8761,-13.991
BAM,9330,stair,255,-8804,-13.673
BAM,9340,stair,255,-8848,-13.991
BAM,9350,stair,255,-8891,-13.673
BAM,9360,stair,255,-8935,-13.991
BAM,9370,stair,255,-8979,-13.991
BAM,9380,stair,255,-9023,-13.991
BAM,9390,stair,255,-9067,-13.991
BAM,9400,stair,255,-9110,-13.673
BAM,9410,stair,255,-9154,-13.991
BAM,9420,stair,255,-9198,-13.991
BAM,9430,stair,255,-9241,-13.673
BAM,9440,stair,255,-9285,-13.991
BAM,9450,stair,255,-9329,-13.991
BAM,9460,stair,255,-9373,-13.991
BAM,9470,stair,255,-9417,-13.991
BAM,9480,stair,255,-9460,-13.673
BAM,9490,stair,255,-9504,-13.991
BAM,9500,stair,255,-9548,-13.991
BAM,9510,stair,255,-9591,-13.673
BAM,9520,stair,255,-9635,-13.991
BAM,9530,stair,255,-9679,-13.991
BAM,9540,stair,255,-9723,-13.991
BAM,9550,stair,255,-9767,-13.991
BAM,9560,stair,255,-9810,-13.673
BAM,9570,stair,255,-9854,-13.991
BAM,9580,stair,255,-9898,-13.991
BAM,9590,stair,255,-9942,-13.991
BAM,9600,stair,255,-9985,-13.673
BAM,9610,stair,255,-10029,-13.991
BAM,9620,stair,255,-10073,-13.991
BAM,9630,stair,255,-10117,-13.991
BAM,9640,stair,255,-10161,-13.991
BAM,9650,stair,255,-10204,-13.673
BAM,9660,stair,255,-10248,-13.991
BAM,9670,stair,255,-10292,-13.991
BAM,9680,stair,255,-10335,-13.673
BAM,9690,stair,255,-10379,-13.991
BAM,9700,stair,255,-10423,-13.991
BAM,9710,stair,255,-10467,-13.991
BAM,9720,stair,255,-10511,-13.991
BAM,9730,stair,255,-10555,-13.991
BAM,9740,stair,255,-10598,-13.673
BAM,9750,stair,255,-10642,-13.991
BAM,9760,stair,255,-10686,-13.991
BAM,9770,stair,255,-10729,-13.673
BAM,9780,stair,255,-10773,-13.991
BAM,9790,stair,255,-10817,-13.991
BAM,9800,stair,255,-10861,-13.991
BAM,9810,stair,255,-10905,-13.991
BAM,9820,stair,255,-10949,-13.991
BAM,9830,stair,255,-10992,-13.673
BAM,9840,stair,255,-11036,-13.991
BAM,9850,stair,255,-11080,-13.991
BAM,9860,stair,255,-11123,-13.673
BAM,9870,stair,255,-11167,-13.991
BAM,9880,stair,255,-11211,-13.991
BAM,9890,stair,255,-11255,-13.991
BAM,9900,stair,255,-11299,-13.991
BAM,9910,stair,255,-11342,-13.673
BAM,9920,stair,255,-11386,-13.991
BAM,9930,stair,255,-11430,-13.991
BAM,9940,stair,255,-11474,-13.991
BAM,9950,stair,255,-11517,-13.673
BAM,9960,stair,255,-11561,-13.991
BAM,9970,stair,255,-11605,-13.991
BAM,9980,stair,255,-11649,-13.991
BAM,9990,stair,255,-11693,-13.991
BAM,10000,stair,255,-11736,-13.673
BAM,10010,stair,255,-11780,-13.991
BAM,10020,stair,255,-11824,-13.991
BAM,10030,stair,255,-11868,-13.991
BAM,10040,stair,255,-11911,-13.673
BAM,10050,stair,255,-11955,-13.991
BAM,10060,stair,255,-11999,-13.991
BAM,10070,stair,255,-12043,-13.991
BAM,10080,stair,255,-12087,-13.991
BAM,10090,stair,255,-12131,-13.991
BAM,10100,stair,255,-12174,-13.673
BAM,10110,stair,255,-12218,-13.991
BAM,10120,stair,255,-12262,-13.991
BAM,10130,stair,255,-12305,-13.673
BAM,10140,stair,255,-12349,-13.991
BAM,10150,stair,255,-12393,-13.991
BAM,10160,stair,255,-12437,-13.991
BAM,10170,stair,255,-12481,-13.991
BAM,10180,stair,255,-12525,-13.991
BAM,10190,stair,255,-12568,-13.673
BAM,10200,stair,255,-12612,-13.991
BAM,10210,stair,255,-12656,-13.991
BAM,10220,stair,255,-12699,-13.673
BAM,10230,stair,255,-12743,-13.991
BAM,10240,stair,255,-12787,-13.991
BAM,10250,stair,255,-12831,-13.991
BAM,10260,stair,255,-12875,-13.991
BAM,10270,stair,255,-12919,-13.991
BAM,10280,stair,255,-12962,-13.673
BAM,10290,stair,255,-13006,-13.991
BAM,10300,stair,255,-13050,-13.991
BAM,10310,stair,255,-13094,-13.991
BAM,10320,stair,255,-13137,-13.673
BAM,10330,stair,255,-13181,-13.991
BAM,10340,stair,255,-13225,-13.991
BAM,10350,stair,255,-13269,-13.991
BAM,10360,stair,255,-13313,-13.991
BAM,10370,stair,255,-13356,-13.673
BAM,10380,stair,255,-13400,-13.991
BAM,10390,stair,255,-13444,-13.991
BAM,10400,stair,255,-13487,-13.673
BAM,10410,stair,255,-13531,-13.991
BAM,10420,stair,255,-13575,-13.991
BAM,10430,stair,255,-13619,-13.991
BAM,10440,stair,255,-13663,-13.991
BAM,10450,stair,255,-13707,-13.991
BAM,10460,stair,255,-13751,-13.991
BAM,10470,stair,255,-13794,-13.673
BAM,10480,stair,255,-13838,-13.991
BAM,10490,stair,255,-13882,-13.991
BAM,10500,stair,255,-13925,-13.673
BAM,10510,stair,0,-13969,-13.991
BAM,10520,stair,0,-14011,-13.355
BAM,10530,stair,0,-14052,-13.037
BAM,10540,stair,0,-14093,-13.037
BAM,10550,stair,0,-14132,-12.401
BAM,10560,stair,0,-14170,-12.083
BAM,10570,stair,0,-14207,-11.765
BAM,10580,stair,0,-14244,-11.765
BAM,10590,stair,0,-14280,-11.447
BAM,10600,stair,0,-14315,-11.129
BAM,10610,stair,0,-14349,-10.811
BAM,10620,stair,0,-14381,-10.175
BAM,10630,stair,0,-14414,-10.493
BAM,10640,stair,0,-14445,-9.857
BAM,10650,stair,0,-14476,-9.857
BAM,10660,stair,0,-14506,-9.539
BAM,10670,stair,0,-14535,-9.221
BAM,10680,stair,0,-14563,-8.903
BAM,10690,stair,0,-14591,-8.903
BAM,10700,stair,0,-14618,-8.585
BAM,10710,stair,0,-14645,-8.585
BAM,10720,stair,0,-14671,-8.267
BAM,10730,stair,0,-14695,-7.631
BAM,10740,stair,0,-14720,-7.949
BAM,10750,stair,0,-14743,-7.313
BAM,10760,stair,0,-14767,-7.631
BAM,10770,stair,0,-14789,-6.995
BAM,10780,stair,0,-14811,-6.995
BAM,10790,stair,0,-14831,-6.359
BAM,10800,stair,0,-14852,-6.677
BAM,10810,stair,0,-14872,-6.359
BAM,10820,stair,0,-14891,-6.042
BAM,10830,stair,0,-14910,-6.042
BAM,10840,stair,0,-14928,-5.724
BAM,10850,stair,0,-14945,-5.406
BAM,10860,stair,0,-14962,-5.406
BAM,10870,stair,0,-14978,-5.088
BAM,10880,stair,0,-14993,-4.770
BAM,10890,stair,0,-15008,-4.770
BAM,10900,stair,0,-15023,-4.770
BAM,10910,stair,0,-15036,-4.134
BAM,10920,stair,0,-15049,-4.134
BAM,10930,stair,0,-15061,-3.816
BAM,10940,stair,0,-15073,-3.816
BAM,10950,stair,0,-15085,-3.816
BAM,10960,stair,0,-15096,-3.498
BAM,10970,stair,0,-15106,-3.180
BAM,10980,stair,0,-15115,-2.862
BAM,10990,stair,0,-15125,-3.180
BAM,11000,stair,0,-15133,-2.544
BAM,11010,stair,0,-15141,-2.544
BAM,11020,stair,0,-15149,-2.544
BAM,11030,stair,0,-15156,-2.226
BAM,11040,stair,0,-15162,-1.908
BAM,11050,stair,0,-15168,-1.908
BAM,11060,stair,0,-15173,-1.590
BAM,11070,stair,0,-15179,-1.908
BAM,11080,stair,0,-15183,-1.272
BAM,11090,stair,0,-15187,-1.272
BAM,11100,stair,0,-15190,-0.954
BAM,11110,stair,-60,-15193,-0.954
BAM,11120,stair,-60,-15195,-0.636
BAM,11130,stair,-60,-15196,-0.318
BAM,11140,stair,-60,-15197,-0.318
BAM,11150,stair,-60,-15197,0.000
BAM,11160,stair,-60,-15197,0.000
BAM,11170,stair,-60,-15197,0.000
BAM,11180,stair,-60,-15197,0.000
BAM,11190,stair,-60,-15197,0.000
BAM,11200,stair,-60,-15197,0.000
BAM,11210,stair,-60,-15197,0.000
BAM,11220,stair,-60,-15197,0.000
BAM,11230,stair,-60,-15197,0.000
BAM,11240,stair,-60,-15197,0.000
BAM,11250,stair,-60,-15197,0.000
BAM,11260,stair,-60,-15197,0.000
BAM,11270,stair,-60,-15197,0.000
BAM,11280,stair,-60,-15197,0.000
BAM,11290,stair,-60,-15197,0.000
BAM,11300,stair,-60,-15197,0.000
BAM,11310,stair,-60,-15197,0.000
BAM,11320,stair,-60,-15197,0.000
BAM,11330,stair,-60,-15197,0.000
BAM,11340,stair,-60,-15197,0.000
BAM,11350,stair,-60,-15197,0.000
BAM,11360,stair,-60,-15197,0.000
BAM,11370,stair,-60,-15197,0.000
BAM,11380,stair,-60,-15197,0.000
BAM,11390,stair,-60,-15197,0.000
BAM,11400,stair,-60,-15197,0.000
BAM,11410,stair,-60,-15197,0.000
BAM,11420,stair,-60,-15197,0.000
BAM,11430,stair,-60,-15197,0.000
BAM,11440,stair,-60,-15197,0.000
BAM,11450,stair,-60,-15197,0.000
BAM,11460,stair,-60,-15197,0.000
BAM,11470,stair,-60,-15197,0.000
BAM,11480,stair,-60,-15197,0.000
BAM,11490,stair,-60,-15197,0.000
BAM,11500,stair,-60,-15197,0.000
BAM,11510,stair,-60,-15197,0.000
BAM,11520,stair,-60,-15197,0.000
BAM,11530,stair,-60,-15197,0.000
BAM,11540,stair,-60,-15197,0.000
BAM,11550,stair,-60,-15197,0.000
BAM,11560,stair,-60,-15197,0.000
BAM,11570,stair,-60,-15197,0.000
BAM,11580,stair,-60,-15197,0.000
BAM,11590,stair,-60,-15197,0.000
BAM,11600,stair,-60,-15197,0.000
BAM,11610,stair,-60,-15197,0.000
BAM,11620,stair,-60,-15197,0.000
BAM,11630,stair,-60,-15197,0.000
BAM,11640,stair,-60,-15197,0.000
BAM,11650,stair,-60,-15197,0.000
BAM,11660,stair,-60,-15197,0.000
BAM,11670,stair,-60,-15197,0.000
BAM,11680,stair,-60,-15197,0.000
BAM,11690,stair,-60,-15197,0.000
BAM,11700,stair,-60,-15197,0.000
BAM,11710,stair,-60,-15197,0.000
BAM,11720,stair,-60,-15197,0.000
BAM,11730,stair,-60,-15197,0.000
BAM,11740,stair,-60,-15197,0.000
BAM,11750,stair,-60,-15197,0.000
BAM,11760,stair,-60,-15197,0.000
BAM,11770,stair,-60,-15197,0.000
BAM,11780,stair,-60,-15197,0.000
BAM,11790,stair,-60,-15197,0.000
BAM,11800,stair,-60,-15197,0.000
BAM,11810,stair,-60,-15197,0.000
BAM,11820,stair,-60,-15197,0.000
BAM,11830,stair,-60,-15197,0.000
BAM,11840,stair,-60,-15197,0.000
BAM,11850,stair,-60,-15197,0.000
BAM,11860,stair,-60,-15197,0.000
BAM,11870,stair,-60,-15197,0.000
BAM,11880,stair,-60,-15197,0.000
BAM,11890,stair,-60,-15197,0.000
BAM,11900,stair,-60,-15197,0.000
BAM,11910,stair,-60,-15197,0.000
BAM,11920,stair,-60,-15197,0.000
BAM,11930,stair,-60,-15197,0.000
BAM,11940,stair,-60,-15197,0.000
BAM,11950,stair,-60,-15197,0.000
BAM,11960,stair,-60,-15197,0.000
BAM,11970,stair,-60,-15197,0.000
BAM,11980,stair,-60,-15197,0.000
BAM,11990,stair,-60,-15197,0.000
BAM,12000,stair,-60,-15197,0.000
BAM,12010,stair,-60,-15197,0.000
BAM,12020,stair,-60,-15197,0.000
BAM,12030,stair,-60,-15197,0.000
BAM,12040,stair,-60,-15197,0.000
BAM,12050,stair,-60,-15197,0.000
BAM,12060,stair,-60,-15197,0.000
BAM,12070,stair,-60,-15197,0.000
BAM,12080,stair,-60,-15197,0.000
BAM,12090,stair,-60,-15197,0.000
BAM,12100,stair,-60,-15197,0.000
BAM,12110,stair,-60,-15197,0.000
BAM,12120,stair,-60,-15197,0.000
BAM,12130,stair,-60,-15197,0.000
BAM,12140,stair,-60,-15197,0.000
BAM,12150,stair,-60,-15197,0.000
BAM,12160,stair,-60,-15197,0.000
BAM,12170,stair,-60,-15197,0.000
BAM,12180,stair,-60,-15197,0.000
BAM,12190,stair,-60,-15197,0.000
BAM,12200,stair,-60,-15197,0.000
BAM,12210,stair,-60,-15197,0.000
BAM,12220,stair,-60,-15197,0.000
BAM,12230,stair,-60,-15197,0.000
BAM,12240,stair,-60,-15197,0.000
BAM,12250,stair,-60,-15197,0.000
BAM,12260,stair,-60,-15197,0.000
BAM,12270,stair,-60,-15197,0.000
BAM,12280,stair,-60,-15197,0.000
BAM,12290,stair,-60,-15197,0.000
BAM,12300,stair,-60,-15197,0.000
BAM,12310,stair,-60,-15197,0.000
BAM,12320,stair,-60,-15197,0.000
BAM,12330,stair,-60,-15197,0.000
BAM,12340,stair,-60,-15197,0.000
BAM,12350,stair,-60,-15197,0.000
BAM,12360,stair,-60,-15197,0.000
BAM,12370,stair,-60,-15197,0.000
BAM,12380,stair,-60,-15197,0.000
BAM,12390,stair,-60,-15197,0.000
BAM,12400,stair,-60,-15197,0.000
BAM,12410,stair,-60,-15197,0.000
BAM,12420,stair,-60,-15197,0.000
BAM,12430,stair,-60,-15197,0.000
BAM,12440,stair,-60,-15197,0.000
BAM,12450,stair,-60,-15197,0.000
BAM,12460,stair,-60,-15197,0.000
BAM,12470,stair,-60,-15197,0.000
BAM,12480,stair,-60,-15197,0.000
BAM,12490,stair,-60,-15197,0.000
BAM,12500,stair,-60,-15197,0.000
BAM,12510,stair,-60,-15197,0.000
BAM,12520,stair,-60,-15197,0.000
BAM,12530,stair,-60,-15197,0.000
BAM,12540,stair,-60,-15197,0.000
BAM,12550,stair,-60,-15197,0.000
BAM,12560,stair,-60,-15197,0.000
BAM,12570,stair,-60,-15197,0.000
BAM,12580,stair,-60,-15197,0.000
BAM,12590,stair,-60,-15197,0.000
BAM,12600,stair,-60,-15197,0.000
BAM,12610,stair,-90,-15197,0.000
BAM,12620,stair,-90,-15197,0.000
BAM,12630,stair,-90,-15197,0.000
BAM,12640,stair,-90,-15197,0.000
BAM,12650,stair,-90,-15197,0.000
BAM,12660,stair,-90,-15197,0.000
BAM,12670,stair,-90,-15197,0.000
BAM,12680,stair,-90,-15197,0.000
BAM,12690,stair,-90,-15197,0.000
BAM,12700,stair,-90,-15197,0.000
BAM,12710,stair,-90,-15197,0.000
BAM,12720,stair,-90,-15197,0.000
BAM,12730,stair,-90,-15197,0.000
BAM,12740,stair,-90,-15197,0.000
BAM,12750,stair,-90,-15197,0.000
BAM,12760,stair,-90,-15197,0.000
BAM,12770,stair,-90,-15197,0.000
BAM,12780,stair,-90,-15197,0.000
BAM,12790,stair,-90,-15197,0.000
BAM,12800,stair,-90,-15197,0.000
BAM,12810,stair,-90,-15197,0.000
BAM,12820,stair,-90,-15197,0.000
BAM,12830,stair,-90,-15197,0.000
BAM,12840,stair,-90,-15197,0.000
BAM,12850,stair,-90,-15197,0.000
BAM,12860,stair,-90,-15197,0.000
BAM,12870,stair,-90,-15197,0.000
BAM,12880,stair,-90,-15197,0.000
BAM,12890,stair,-90,-15197,0.000
BAM,12900,stair,-90,-15197,0.000
BAM,12910,stair,-90,-15197,0.000
BAM,12920,stair,-90,-15197,0.000
BAM,12930,stair,-90,-15197,0.000
BAM,12940,stair,-90,-15197,0.000
BAM,12950,stair,-90,-15197,0.000
BAM,12960,stair,-90,-15197,0.000
BAM,12970,stair,-90,-15197,0.000
BAM,12980,stair,-90,-15197,0.000
BAM,12990,stair,-90,-15197,0.000
BAM,13000,stair,-90,-15197,0.000
BAM,13010,stair,-90,-15197,0.000
BAM,13020,stair,-90,-15197,0.000
BAM,13030,stair,-90,-15197,0.000
BAM,13040,stair,-90,-15197,0.000
BAM,13050,stair,-90,-15197,0.000
BAM,13060,stair,-90,-15197,0.000
BAM,13070,stair,-90,-15197,0.000
BAM,13080,stair,-90,-15197,0.000
BAM,13090,stair,-90,-15197,0.000
BAM,13100,stair,-90,-15197,0.000
BAM,13110,stair,-90,-15197,0.000
BAM,13120,stair,-90,-15197,0.000
BAM,13130,stair,-90,-15197,0.000
BAM,13140,stair,-90,-15197,0.000
BAM,13150,stair,-90,-15197,0.000
BAM,13160,stair,-90,-15197,0.000
BAM,13170,stair,-90,-15197,0.000
BAM,13180,stair,-90,-15197,0.000
BAM,13190,stair,-90,-15197,0.000
BAM,13200,stair,-90,-15197,0.000
BAM,13210,stair,-90,-15197,0.000
BAM,13220,stair,-90,-15197,0.000
BAM,13230,stair,-90,-15197,0.000
BAM,13240,stair,-90,-15197,0.000
BAM,13250,stair,-90,-15197,0.000
BAM,13260,stair,-90,-15197,0.000
BAM,13270,stair,-90,-15197,0.000
BAM,13280,stair,-90,-15197,0.000
BAM,13290,stair,-90,-15197,0.000
BAM,13300,stair,-90,-15197,0.000
BAM,13310,stair,-90,-15197,0.000
BAM,13320,stair,-90,-15197,0.000
BAM,13330,stair,-90,-15197,0.000
BAM,13340,stair,-90,-15197,0.000
BAM,13350,stair,-90,-15197,0.000
BAM,13360,stair,-90,-15197,0.000
BAM,13370,stair,-90,-15197,0.000
BAM,13380,stair,-90,-15197,0.000
BAM,13390,stair,-90,-15197,0.000
BAM,13400,stair,-90,-15197,0.000
BAM,13410,stair,-90,-15197,0.000
BAM,13420,stair,-90,-15197,0.000
BAM,13430,stair,-90,-15197,0.000
BAM,13440,stair,-90,-15197,0.000
BAM,13450,stair,-90,-15197,0.000
BAM,13460,stair,-90,-15197,0.000
BAM,13470,stair,-90,-15197,0.000
BAM,13480,stair,-90,-15197,0.000
BAM,13490,stair,-90,-15197,0.000
BAM,13500,stair,-90,-15197,0.000
BAM,13510,stair,-90,-15197,0.000
BAM,13520,stair,-90,-15197,0.000
BAM,13530,stair,-90,-15197,0.000
BAM,13540,stair,-90,-15197,0.000
BAM,13550,stair,-90,-15197,0.000
BAM,13560,stair,-90,-15197,0.000
BAM,13570,stair,-90,-15197,0.000
BAM,13580,stair,-90,-15197,0.000
BAM,13590,stair,-90,-15197,0.000
BAM,13600,stair,-90,-15197,0.000
BAM,13610,stair,-90,-15197,0.000
BAM,13620,stair,-90,-15197,0.000
BAM,13630,stair,-90,-15197,0.000
BAM,13640,stair,-90,-15197,0.000
BAM,13650,stair,-90,-15197,0.000
BAM,13660,stair,-90,-15197,0.000
BAM,13670,stair,-90,-15197,0.000
BAM,13680,stair,-90,-15197,0.000
BAM,13690,stair,-90,-15197,0.000
BAM,13700,stair,-90,-15197,0.000
BAM,13710,stair,-90,-15197,0.000
BAM,13720,stair,-90,-15197,0.000
BAM,13730,stair,-90,-15197,0.000
BAM,13740,stair,-90,-15197,0.000
BAM,13750,stair,-90,-15197,0.000
BAM,13760,stair,-90,-15197,0.000
BAM,13770,stair,-90,-15197,0.000
BAM,13780,stair,-90,-15197,0.000
BAM,13790,stair,-90,-15197,0.000
BAM,13800,stair,-90,-15197,0.000
BAM,13810,stair,-90,-15197,0.000
BAM,13820,stair,-90,-15197,0.000
BAM,13830,stair,-90,-15197,0.000
BAM,13840,stair,-90,-15197,0.000
BAM,13850,stair,-90,-15197,0.000
BAM,13860,stair,-90,-15197,0.000
BAM,13870,stair,-90,-15197,0.000
BAM,13880,stair,-90,-15197,0.000
BAM,13890,stair,-90,-15197,0.000
BAM,13900,stair,-90,-15197,0.000
BAM,13910,stair,-90,-15197,0.000
BAM,13920,stair,-90,-15197,0.000
BAM,13930,stair,-90,-15197,0.000
BAM,13940,stair,-90,-15197,0.000
BAM,13950,stair,-90,-15197,0.000
BAM,13960,stair,-90,-15197,0.000
BAM,13970,stair,-90,-15197,0.000
BAM,13980,stair,-90,-15197,0.000
BAM,13990,stair,-90,-15197,0.000
BAM,14000,stair,-90,-15197,0.000
BAM,14010,stair,-90,-15197,0.000
BAM,14020,stair,-90,-15197,0.000
BAM,14030,stair,-90,-15197,0.000
BAM,14040,stair,-90,-15197,0.000
BAM,14050,stair,-90,-15197,0.000
BAM,14060,stair,-90,-15197,0.000
BAM,14070,stair,-90,-15197,0.000
BAM,14080,stair,-90,-15197,0.000
BAM,14090,stair,-90,-15197,0.000
BAM,14100,stair,-90,-15197,0.000
BAM,14110,stair,-120,-15197,0.000
BAM,14120,stair,-120,-15197,0.000
BAM,14130,stair,-120,-15197,0.000
BAM,14140,stair,-120,-15197,0.000
BAM,14150,stair,-120,-15197,0.000
BAM,14160,stair,-120,-15197,0.000
BAM,14170,stair,-120,-15197,0.000
BAM,14180,stair,-120,-15197,0.000
BAM,14190,stair,-120,-15197,0.000
BAM,14200,stair,-120,-15197,0.000
BAM,14210,stair,-120,-15197,0.000
BAM,14220,stair,-120,-15197,0.000
BAM,14230,stair,-120,-15197,0.000
BAM,14240,stair,-120,-15197,0.000
BAM,14250,stair,-120,-15197,0.000
BAM,14260,stair,-120,-15197,0.000
BAM,14270,stair,-120,-15197,0.000
BAM,14280,stair,-120,-15197,0.000
BAM,14290,stair,-120,-15197,0.000
BAM,14300,stair,-120,-15197,0.000
BAM,14310,stair,-120,-15197,0.000
BAM,14320,stair,-120,-15197,0.000
BAM,14330,stair,-120,-15197,0.000
BAM,14340,stair,-120,-15197,0.000
BAM,14350,stair,-120,-15197,0.000
BAM,14360,stair,-120,-15197,0.000
BAM,14370,stair,-120,-15197,0.000
BAM,14380,stair,-120,-15197,0.000
BAM,14390,stair,-120,-15197,0.000
BAM,14400,stair,-120,-15197,0.000
BAM,14410,stair,-120,-15197,0.000
BAM,14420,stair,-120,-15197,0.000
BAM,14430,stair,-120,-15197,0.000
BAM,14440,stair,-120,-15197,0.000
BAM,14450,stair,-120,-15197,0.000
BAM,14460,stair,-120,-15197,0.000
BAM,14470,stair,-120,-15197,0.000
BAM,14480,stair,-120,-15197,0.000
BAM,14490,stair,-120,-15197,0.000
BAM,14500,stair,-120,-15197,0.000
BAM,14510,stair,-120,-15197,0.000
BAM,14520,stair,-120,-15197,0.000
BAM,14530,stair,-120,-15197,0.000
BAM,14540,stair,-120,-15197,0.000
BAM,14550,stair,-120,-15197,0.000
BAM,14560,stair,-120,-15197,0.000
BAM,14570,stair,-120,-15197,0.000
BAM,14580,stair,-120,-15197,0.000
BAM,14590,stair,-120,-15197,0.000
BAM,14600,stair,-120,-15197,0.000
BAM,14610,stair,-120,-15197,0.000
BAM,14620,stair,-120,-15197,0.000
BAM,14630,stair,-120,-15197,0.000
BAM,14640,stair,-120,-15197,0.000
BAM,14650,stair,-120,-15197,0.000
BAM,14660,stair,-120,-15197,0.000
BAM,14670,stair,-120,-15197,0.000
BAM,14680,stair,-120,-15197,0.000
BAM,14690,stair,-120,-15197,0.000
BAM,14700,stair,-120,-15197,0.000
BAM,14710,stair,-120,-15197,0.000
BAM,14720,stair,-120,-15197,0.000
BAM,14730,stair,-120,-15197,0.000
BAM,14740,stair,-120,-15197,0.000
BAM,14750,stair,-120,-15197,0.000
BAM,14760,stair,-120,-15197,0.000
BAM,14770,stair,-120,-15197,0.000
BAM,14780,stair,-120,-15197,0.000
BAM,14790,stair,-120,-15197,0.000
BAM,14800,stair,-120,-15197,0.000
BAM,14810,stair,-120,-15197,0.000
BAM,14820,stair,-120,-15197,0.000
BAM,14830,stair,-120,-15197,0.000
BAM,14840,stair,-120,-15197,0.000
BAM,14850,stair,-120,-15197,0.000
BAM,14860,stair,-120,-15197,0.000
BAM,14870,stair,-120,-15197,0.000
BAM,14880,stair,-120,-15197,0.000
BAM,14890,stair,-120,-15197,0.000
BAM,14900,stair,-120,-15197,0.000
BAM,14910,stair,-120,-15197,0.000
BAM,14920,stair,-120,-15197,0.000
BAM,14930,stair,-120,-15197,0.000
BAM,14940,stair,-120,-15197,0.000
BAM,14950,stair,-120,-15197,0.000
BAM,14960,stair,-120,-15197,0.000
BAM,14970,stair,-120,-15197,0.000
BAM,14980,stair,-120,-15197,0.000
BAM,14990,stair,-120,-15197,0.000
BAM,15000,stair,-120,-15197,0.000
BAM,15010,stair,-120,-15197,0.000
BAM,15020,stair,-120,-15197,0.000
BAM,15030,stair,-120,-15197,0.000
BAM,15040,stair,-120,-15197,0.000
BAM,15050,stair,-120,-15197,0.000
BAM,15060,stair,-120,-15197,0.000
BAM,15070,stair,-120,-15197,0.000
BAM,15080,stair,-120,-15197,0.000
BAM,15090,stair,-120,-15197,0.000
BAM,15100,stair,-120,-15197,0.000
BAM,15110,stair,-120,-15197,0.000
BAM,15120,stair,-120,-15197,0.000
BAM,15130,stair,-120,-15197,0.000
BAM,15140,stair,-120,-15197,0.000
BAM,15150,stair,-120,-15197,0.000
BAM,15160,stair,-120,-15197,0.000
BAM,15170,stair,-120,-15197,0.000
BAM,15180,stair,-120,-15197,0.000
BAM,15190,stair,-120,-15197,0.000
BAM,15200,stair,-120,-15197,0.000
BAM,15210,stair,-120,-15197,0.000
BAM,15220,stair,-120,-15197,0.000
BAM,15230,stair,-120,-15197,0.000
BAM,15240,stair,-120,-15197,0.000
BAM,15250,stair,-120,-15197,0.000
BAM,15260,stair,-120,-15197,0.000
BAM,15270,stair,-120,-15197,0.000
BAM,15280,stair,-120,-15197,0.000
BAM,15290,stair,-120,-15197,0.000
BAM,15300,stair,-120,-15197,0.000
BAM,15310,stair,-120,-15197,0.000
BAM,15320,stair,-120,-15197,0.000
BAM,15330,stair,-120,-15197,0.000
BAM,15340,stair,-120,-15197,0.000
BAM,15350,stair,-120,-15197,0.000
BAM,15360,stair,-120,-15197,0.000
BAM,15370,stair,-120,-15197,0.000
BAM,15380,stair,-120,-15197,0.000
BAM,15390,stair,-120,-15197,0.000
BAM,15400,stair,-120,-15197,0.000
BAM,15410,stair,-120,-15197,0.000
BAM,15420,stair,-120,-15197,0.000
BAM,15430,stair,-120,-15197,0.000
BAM,15440,stair,-120,-15197,0.000
BAM,15450,stair,-120,-15197,0.000
BAM,15460,stair,-120,-15197,0.000
BAM,15470,stair,-120,-15197,0.000
BAM,15480,stair,-120,-15197,0.000
BAM,15490,stair,-120,-15197,0.000
BAM,15500,stair,-120,-15197,0.000
BAM,15510,stair,-120,-15197,0.000
BAM,15520,stair,-120,-15197,0.000
BAM,15530,stair,-120,-15197,0.000
BAM,15540,stair,-120,-15197,0.000
BAM,15550,stair,-120,-15197,0.000
BAM,15560,stair,-120,-15197,0.000
BAM,15570,stair,-120,-15197,0.000
BAM,15580,stair,-120,-15197,0.000
BAM,15590,stair,-120,-15197,0.000
BAM,15600,stair,-120,-15197,0.000
BAM,15610,stair,-150,-15196,0.318
BAM,15620,stair,-150,-15194,0.636
BAM,15630,stair,-150,-15190,1.272
BAM,15640,stair,-150,-15186,1.272
BAM,15650,stair,-150,-15182,1.272
BAM,15660,stair,-150,-15177,1.590
BAM,15670,stair,-150,-15173,1.272
BAM,15680,stair,-150,-15167,1.908
BAM,15690,stair,-150,-15162,1.590
BAM,15700,stair,-150,-15157,1.590
BAM,15710,stair,-150,-15152,1.590
BAM,15720,stair,-150,-15147,1.590
BAM,15730,stair,-150,-15141,1.908
BAM,15740,stair,-150,-15135,1.908
BAM,15750,stair,-150,-15130,1.590
BAM,15760,stair,-150,-15125,1.590
BAM,15770,stair,-150,-15119,1.908
BAM,15780,stair,-150,-15113,1.908
BAM,15790,stair,-150,-15107,1.908
BAM,15800,stair,-150,-15102,1.590
BAM,15810,stair,-150,-15096,1.908
BAM,15820,stair,-150,-15091,1.590
BAM,15830,stair,-150,-15085,1.908
BAM,15840,stair,-150,-15079,1.908
BAM,15850,stair,-150,-15073,1.908
BAM,15860,stair,-150,-15068,1.590
BAM,15870,stair,-150,-15062,1.908
BAM,15880,stair,-150,-15056,1.908
BAM,15890,stair,-150,-15051,1.590
BAM,15900,stair,-150,-15045,1.908
BAM,15910,stair,-150,-15039,1.908
BAM,15920,stair,-150,-15033,1.908
BAM,15930,stair,-150,-15027,1.908
BAM,15940,stair,-150,-15022,1.590
BAM,15950,stair,-150,-15016,1.908
BAM,15960,stair,-150,-15010,1.908
BAM,15970,stair,-150,-15005,1.590
BAM,15980,stair,-150,-14999,1.908
BAM,15990,stair,-150,-14993,1.908
BAM,16000,stair,-150,-14987,1.908
BAM,16010,stair,-150,-14981,1.908
BAM,16020,stair,-150,-14975,1.908
BAM,16030,stair,-150,-14969,1.908
BAM,16040,stair,-150,-14964,1.590
BAM,16050,stair,-150,-14958,1.908
BAM,16060,stair,-150,-14952,1.908
BAM,16070,stair,-150,-14947,1.590
BAM,16080,stair,-150,-14941,1.908
BAM,16090,stair,-150,-14935,1.908
BAM,16100,stair,-150,-14929,1.908
BAM,16110,stair,-150,-14923,1.908
BAM,16120,stair,-150,-14917,1.908
BAM,16130,stair,-150,-14911,1.908
BAM,16140,stair,-150,-14905,1.908
BAM,16150,stair,-150,-14900,1.590
BAM,16160,stair,-150,-14894,1.908
BAM,16170,stair,-150,-14888,1.908
BAM,16180,stair,-150,-14882,1.908
BAM,16190,stair,-150,-14876,1.908
BAM,16200,stair,-150,-14871,1.590
BAM,16210,stair,-150,-14865,1.908
BAM,16220,stair,-150,-14859,1.908
BAM,16230,stair,-150,-14853,1.908
BAM,16240,stair,-150,-14847,1.908
BAM,16250,stair,-150,-14841,1.908
BAM,16260,stair,-150,-14835,1.908
BAM,16270,stair,-150,-14829,1.908
BAM,16280,stair,-150,-14823,1.908
BAM,16290,stair,-150,-14817,1.908
BAM,16300,stair,-150,-14811,1.908
BAM,16310,stair,-150,-14805,1.908
BAM,16320,stair,-150,-14799,1.908
BAM,16330,stair,-150,-14793,1.908
BAM,16340,stair,-150,-14787,1.908
BAM,16350,stair,-150,-14782,1.590
BAM,16360,stair,-150,-14776,1.908
BAM,16370,stair,-150,-14770,1.908
BAM,16380,stair,-150,-14764,1.908
BAM,16390,stair,-150,-14758,1.908
BAM,16400,stair,-150,-14752,1.908
BAM,16410,stair,-150,-14746,1.908
BAM,16420,stair,-150,-14740,1.908
BAM,16430,stair,-150,-14734,1.908
BAM,16440,stair,-150,-14728,1.908
BAM,16450,stair,-150,-14722,1.908
BAM,16460,stair,-150,-14716,1.908
BAM,16470,stair,-150,-14710,1.908
BAM,16480,stair,-150,-14704,1.908
BAM,16490,stair,-150,-14699,1.590
BAM,16500,stair,-150,-14693,1.908
BAM,16510,stair,-150,-14687,1.908
BAM,16520,stair,-150,-14681,1.908
BAM,16530,stair,-150,-14675,1.908
BAM,16540,stair,-150,-14669,1.908
BAM,16550,stair,-150,-14663,1.908
BAM,16560,stair,-150,-14657,1.908
BAM,16570,stair,-150,-14651,1.908
BAM,16580,stair,-150,-14645,1.908
BAM,16590,stair,-150,-14639,1.908
BAM,16600,stair,-150,-14633,1.908
BAM,16610,stair,-150,-14627,1.908
BAM,16620,stair,-150,-14621,1.908
BAM,16630,stair,-150,-14615,1.908
BAM,16640,stair,-150,-14609,1.908
BAM,16650,stair,-150,-14603,1.908
BAM,16660,stair,-150,-14597,1.908
BAM,16670,stair,-150,-14591,1.908
BAM,16680,stair,-150,-14585,1.908
BAM,16690,stair,-150,-14579,1.908
BAM,16700,stair,-150,-14573,1.908
BAM,16710,stair,-150,-14567,1.908
BAM,16720,stair,-150,-14561,1.908
BAM,16730,stair,-150,-14555,1.908
BAM,16740,stair,-150,-14549,1.908
BAM,16750,stair,-150,-14543,1.908
BAM,16760,stair,-150,-14537,1.908
BAM,16770,stair,-150,-14531,1.908
BAM,16780,stair,-150,-14525,1.908
BAM,16790,stair,-150,-14519,1.908
BAM,16800,stair,-150,-14513,1.908
BAM,16810,stair,-150,-14507,1.908
BAM,16820,stair,-150,-14501,1.908
BAM,16830,stair,-150,-14495,1.908
BAM,16840,stair,-150,-14489,1.908
BAM,16850,stair,-150,-14483,1.908
BAM,16860,stair,-150,-14477,1.908
BAM,16870,stair,-150,-14471,1.908
BAM,16880,stair,-150,-14465,1.908
BAM,16890,stair,-150,-14459,1.908
BAM,16900,stair,-150,-14453,1.908
BAM,16910,stair,-150,-14447,1.908
BAM,16920,stair,-150,-14441,1.908
BAM,16930,stair,-150,-14435,1.908
BAM,16940,stair,-150,-14429,1.908
BAM,16950,stair,-150,-14423,1.908
BAM,16960,stair,-150,-14417,1.908
BAM,16970,stair,-150,-14411,1.908
BAM,16980,stair,-150,-14405,1.908
BAM,16990,stair,-150,-14399,1.908
BAM,17000,stair,-150,-14393,1.908
BAM,17010,stair,-150,-14387,1.908
BAM,17020,stair,-150,-14381,1.908
BAM,17030,stair,-150,-14375,1.908
BAM,17040,stair,-150,-14369,1.908
BAM,17050,stair,-150,-14363,1.908
BAM,17060,stair,-150,-14357,1.908
BAM,17070,stair,-150,-14351,1.908
BAM,17080,stair,-150,-14345,1.908
BAM,17090,stair,-150,-14339,1.908
BAM,17100,stair,-150,-14333,1.908
BAM,17110,stair,-180,-14325,2.544
BAM,17120,stair,-180,-14314,3.498
BAM,17130,stair,-180,-14301,4.134
BAM,17140,stair,-180,-14287,4.452
BAM,17150,stair,-180,-14272,4.770
BAM,17160,stair,-180,-14256,5.088
BAM,17170,stair,-180,-14240,5.088
BAM,17180,stair,-180,-14224,5.088
BAM,17190,stair,-180,-14207,5.406
BAM,17200,stair,-180,-14191,5.088
BAM,17210,stair,-180,-14175,5.088
BAM,17220,stair,-180,-14158,5.406
BAM,17230,stair,-180,-14141,5.406
BAM,17240,stair,-180,-14124,5.406
BAM,17250,stair,-180,-14107,5.406
BAM,17260,stair,-180,-14091,5.088
BAM,17270,stair,-180,-14073,5.724
BAM,17280,stair,-180,-14057,5.088
BAM,17290,stair,-180,-14039,5.724
BAM,17300,stair,-180,-14023,5.088
BAM,17310,stair,-180,-14005,5.724
BAM,17320,stair,-180,-13989,5.088
BAM,17330,stair,-180,-13971,5.724
BAM,17340,stair,-180,-13955,5.088
BAM,17350,stair,-180,-13937,5.724
BAM,17360,stair,-180,-13920,5.406
BAM,17370,stair,-180,-13903,5.406
BAM,17380,stair,-180,-13886,5.406
BAM,17390,stair,-180,-13869,5.406
BAM,17400,stair,-180,-13852,5.406
BAM,17410,stair,-180,-13835,5.406
BAM,17420,stair,-180,-13817,5.724
BAM,17430,stair,-180,-13801,5.088
BAM,17440,stair,-180,-13783,5.724
BAM,17450,stair,-180,-13766,5.406
BAM,17460,stair,-180,-13749,5.406
BAM,17470,stair,-180,-13732,5.406
BAM,17480,stair,-180,-13715,5.406
BAM,17490,stair,-180,-13698,5.406
BAM,17500,stair,-180,-13681,5.406
BAM,17510,stair,-180,-13664,5.406
BAM,17520,stair,-180,-13647,5.406
BAM,17530,stair,-180,-13629,5.724
BAM,17540,stair,-180,-13613,5.088
BAM,17550,stair,-180,-13595,5.724
BAM,17560,stair,-180,-13578,5.406
BAM,17570,stair,-180,-13561,5.406
BAM,17580,stair,-180,-13544,5.406
BAM,17590,stair,-180,-13527,5.406
BAM,17600,stair,-180,-13510,5.406
BAM,17610,stair,-180,-13493,5.406
BAM,17620,stair,-180,-13475,5.724
BAM,17630,stair,-180,-13459,5.088
BAM,17640,stair,-180,-13441,5.724
BAM,17650,stair,-180,-13424,5.406
BAM,17660,stair,-180,-13407,5.406
BAM,17670,stair,-180,-13390,5.406
BAM,17680,stair,-180,-13373,5.406
BAM,17690,stair,-180,-13356,5.406
BAM,17700,stair,-180,-13339,5.406
BAM,17710,stair,-180,-13321,5.724
BAM,17720,stair,-180,-13305,5.088
BAM,17730,stair,-180,-13287,5.724
BAM,17740,stair,-180,-13270,5.406
BAM,17750,stair,-180,-13253,5.406
BAM,17760,stair,-180,-13236,5.406
BAM,17770,stair,-180,-13219,5.406
BAM,17780,stair,-180,-13202,5.406
BAM,17790,stair,-180,-13185,5.406
BAM,17800,stair,-180,-13167,5.724
BAM,17810,stair,-180,-13151,5.088
BAM,17820,stair,-180,-13133,5.724
BAM,17830,stair,-180,-13116,5.406
BAM,17840,stair,-180,-13099,5.406
BAM,17850,stair,-180,-13082,5.406
BAM,17860,stair,-180,-13065,5.406
BAM,17870,stair,-180,-13047,5.724
BAM,17880,stair,-180,-13030,5.406
BAM,17890,stair,-180,-13013,5.406
BAM,17900,stair,-180,-12996,5.406
BAM,17910,stair,-180,-12979,5.406
BAM,17920,stair,-180,-12962,5.406
BAM,17930,stair,-180,-12945,5.406
BAM,17940,stair,-180,-12927,5.724
BAM,17950,stair,-180,-12910,5.406
BAM,17960,stair,-180,-12893,5.406
BAM,17970,stair,-180,-12876,5.406
BAM,17980,stair,-180,-12859,5.406
BAM,17990,stair,-180,-12841,5.724
BAM,18000,stair,-180,-12825,5.088
BAM,18010,stair,-180,-12807,5.724
BAM,18020,stair,-180,-12790,5.406
BAM,18030,stair,-180,-12773,5.406
BAM,18040,stair,-180,-12755,5.724
BAM,18050,stair,-180,-12739,5.088
BAM,18060,stair,-180,-12721,5.724
BAM,18070,stair,-180,-12704,5.406
BAM,18080,stair,-180,-12687,5.406
BAM,18090,stair,-180,-12669,5.724
BAM,18100,stair,-180,-12652,5.406
BAM,18110,stair,-180,-12635,5.406
BAM,18120,stair,-180,-12618,5.406
BAM,18130,stair,-180,-12601,5.406
BAM,18140,stair,-180,-12583,5.724
BAM,18150,stair,-180,-12566,5.406
BAM,18160,stair,-180,-12549,5.406
BAM,18170,stair,-180,-12532,5.406
BAM,18180,stair,-180,-12515,5.406
BAM,18190,stair,-180,-12497,5.724
BAM,18200,stair,-180,-12480,5.406
BAM,18210,stair,-180,-12463,5.406
BAM,18220,stair,-180,-12446,5.406
BAM,18230,stair,-180,-12429,5.406
BAM,18240,stair,-180,-12411,5.724
BAM,18250,stair,-180,-12395,5.088
BAM,18260,stair,-180,-12377,5.724
BAM,18270,stair,-180,-12360,5.406
BAM,18280,stair,-180,-12343,5.406
BAM,18290,stair,-180,-12325,5.724
BAM,18300,stair,-180,-12309,5.088
BAM,18310,stair,-180,-12291,5.724
BAM,18320,stair,-180,-12274,5.406
BAM,18330,stair,-180,-12257,5.406
BAM,18340,stair,-180,-12239,5.724
BAM,18350,stair,-180,-12222,5.406
BAM,18360,stair,-180,-12205,5.406
BAM,18370,stair,-180,-12188,5.406
BAM,18380,stair,-180,-12171,5.406
BAM,18390,stair,-180,-12153,5.724
BAM,18400,stair,-180,-12136,5.406
BAM,18410,stair,-180,-12119,5.406
BAM,18420,stair,-180,-12102,5.406
BAM,18430,stair,-180,-12085,5.406
BAM,18440,stair,-180,-12067,5.724
BAM,18450,stair,-180,-12051,5.088
BAM,18460,stair,-180,-12033,5.724
BAM,18470,stair,-180,-12016,5.406
BAM,18480,stair,-180,-11999,5.406
BAM,18490,stair,-180,-11982,5.406
BAM,18500,stair,-180,-11965,5.406
BAM,18510,stair,-180,-11947,5.724
BAM,18520,stair,-180,-11930,5.406
BAM,18530,stair,-180,-11913,5.406
BAM,18540,stair,-180,-11896,5.406
BAM,18550,stair,-180,-11879,5.406
BAM,18560,stair,-180,-11861,5.724
BAM,18570,stair,-180,-11844,5.406
BAM,18580,stair,-180,-11827,5.406
BAM,18590,stair,-180,-11810,5.406
BAM,18600,stair,-180,-11793,5.406
BAM,18610,stair,-210,-11774,6.042
BAM,18620,stair,-210,-11752,6.995
BAM,18630,stair,-210,-11728,7.631
BAM,18640,stair,-210,-11702,8.267
BAM,18650,stair,-210,-11676,8.267
BAM,18660,stair,-210,-11649,8.585
BAM,18670,stair,-210,-11622,8.585
BAM,18680,stair,-210,-11595,8.585
BAM,18690,stair,-210,-11567,8.903
BAM,18700,stair,-210,-11539,8.903
BAM,18710,stair,-210,-11511,8.903
BAM,18720,stair,-210,-11483,8.903
BAM,18730,stair,-210,-11455,8.903
BAM,18740,stair,-210,-11427,8.903
BAM,18750,stair,-210,-11399,8.903
BAM,18760,stair,-210,-11371,8.903
BAM,18770,stair,-210,-11342,9.221
BAM,18780,stair,-210,-11314,8.903
BAM,18790,stair,-210,-11286,8.903
BAM,18800,stair,-210,-11258,8.903
BAM,18810,stair,-210,-11229,9.221
BAM,18820,stair,-210,-11201,8.903
BAM,18830,stair,-210,-11173,8.903
BAM,18840,stair,-210,-11145,8.903
BAM,18850,stair,-210,-11117,8.903
BAM,18860,stair,-210,-11088,9.221
BAM,18870,stair,-210,-11060,8.903
BAM,18880,stair,-210,-11031,9.221
BAM,18890,stair,-210,-11003,8.903
BAM,18900,stair,-210,-10975,8.903
BAM,18910,stair,-210,-10947,8.903
BAM,18920,stair,-210,-10919,8.903
BAM,18930,stair,-210,-10890,9.221
BAM,18940,stair,-210,-10862,8.903
BAM,18950,stair,-210,-10834,8.903
BAM,18960,stair,-210,-10805,9.221
BAM,18970,stair,-210,-10777,8.903
BAM,18980,stair,-210,-10749,8.903
BAM,18990,stair,-210,-10721,8.903
BAM,19000,stair,-210,-10692,9.221
BAM,19010,stair,-210,-10664,8.903
BAM,19020,stair,-210,-10635,9.221
BAM,19030,stair,-210,-10607,8.903
BAM,19040,stair,-210,-10579,8.903
BAM,19050,stair,-210,-10551,8.903
BAM,19060,stair,-210,-10522,9.221
BAM,19070,stair,-210,-10494,8.903
BAM,19080,stair,-210,-10465,9.221
BAM,19090,stair,-210,-10437,8.903
BAM,19100,stair,-210,-10409,8.903
BAM,19110,stair,-210,-10381,8.903
BAM,19120,stair,-210,-10352,9.221
BAM,19130,stair,-210,-10324,8.903
BAM,19140,stair,-210,-10295,9.221
BAM,19150,stair,-210,-10267,8.903
BAM,19160,stair,-210,-10239,8.903
BAM,19170,stair,-210,-10211,8.903
BAM,19180,stair,-210,-10182,9.221
BAM,19190,stair,-210,-10154,8.903
BAM,19200,stair,-210,-10126,8.903
BAM,19210,stair,-210,-10097,9.221
BAM,19220,stair,-210,-10069,8.903
BAM,19230,stair,-210,-10041,8.903
BAM,19240,stair,-210,-10013,8.903
BAM,19250,stair,-210,-9984,9.221
BAM,19260,stair,-210,-9956,8.903
BAM,19270,stair,-210,-9927,9.221
BAM,19280,stair,-210,-9899,8.903
BAM,19290,stair,-210,-9871,8.903
BAM,19300,stair,-210,-9843,8.903
BAM,19310,stair,-210,-9815,8.903
BAM,19320,stair,-210,-9786,9.221
BAM,19330,stair,-210,-9758,8.903
BAM,19340,stair,-210,-9729,9.221
BAM,19350,stair,-210,-9701,8.903
BAM,19360,stair,-210,-9673,8.903
BAM,19370,stair,-210,-9645,8.903
BAM,19380,stair,-210,-9617,8.903
BAM,19390,stair,-210,-9588,9.221
BAM,19400,stair,-210,-9560,8.903
BAM,19410,stair,-210,-9531,9.221
BAM,19420,stair,-210,-9503,8.903
BAM,19430,stair,-210,-9475,8.903
BAM,19440,stair,-210,-9447,8.903
BAM,19450,stair,-210,-9418,9.221
BAM,19460,stair,-210,-9390,8.903
BAM,19470,stair,-210,-9362,8.903
BAM,19480,stair,-210,-9333,9.221
BAM,19490,stair,-210,-9305,8.903
BAM,19500,stair,-210,-9277,8.903
BAM,19510,stair,-210,-9249,8.903
BAM,19520,stair,-210,-9221,8.903
BAM,19530,stair,-210,-9192,9.221
BAM,19540,stair,-210,-9164,8.903
BAM,19550,stair,-210,-9135,9.221
BAM,19560,stair,-210,-9107,8.903
BAM,19570,stair,-210,-9079,8.903
BAM,19580,stair,-210,-9051,8.903
BAM,19590,stair,-210,-9022,9.221
BAM,19600,stair,-210,-8994,8.903
BAM,19610,stair,-210,-8965,9.221
BAM,19620,stair,-210,-8937,8.903
BAM,19630,stair,-210,-8909,8.903
BAM,19640,stair,-210,-8881,8.903
BAM,19650,stair,-210,-8852,9.221
BAM,19660,stair,-210,-8824,8.903
BAM,19670,stair,-210,-8796,8.903
BAM,19680,stair,-210,-8767,9.221
BAM,19690,stair,-210,-8739,8.903
BAM,19700,stair,-210,-8711,8.903
BAM,19710,stair,-210,-8682,9.221
BAM,19720,stair,-210,-8654,8.903
BAM,19730,stair,-210,-8625,9.221
BAM,19740,stair,-210,-8597,8.903
BAM,19750,stair,-210,-8569,8.903
BAM,19760,stair,-210,-8541,8.903
BAM,19770,stair,-210,-8512,9.221
BAM,19780,stair,-210,-8484,8.903
BAM,19790,stair,-210,-8455,9.221
BAM,19800,stair,-210,-8427,8.903
BAM,19810,stair,-210,-8399,8.903
BAM,19820,stair,-210,-8371,8.903
BAM,19830,stair,-210,-8343,8.903
BAM,19840,stair,-210,-8314,9.221
BAM,19850,stair,-210,-8286,8.903
BAM,19860,stair,-210,-8257,9.221
BAM,19870,stair,-210,-8229,8.903
BAM,19880,stair,-210,-8201,8.903
BAM,19890,stair,-210,-8173,8.903
BAM,19900,stair,-210,-8144,9.221
BAM,19910,stair,-210,-8116,8.903
BAM,19920,stair,-210,-8087,9.221
BAM,19930,stair,-210,-8059,8.903
BAM,19940,stair,-210,-8031,8.903
BAM,19950,stair,-210,-8003,8.903
BAM,19960,stair,-210,-7974,9.221
BAM,19970,stair,-210,-7946,8.903
BAM,19980,stair,-210,-7917,9.221
BAM,19990,stair,-210,-7889,8.903
BAM,20000,stair,-210,-7861,8.903
BAM,20010,stair,-210,-7833,8.903
BAM,20020,stair,-210,-7804,9.221
BAM,20030,stair,-210,-7776,8.903
BAM,20040,stair,-210,-7748,8.903
BAM,20050,stair,-210,-7719,9.221
BAM,20060,stair,-210,-7691,8.903
BAM,20070,stair,-210,-7663,8.903
BAM,20080,stair,-210,-7635,8.903
BAM,20090,stair,-210,-7606,9.221
BAM,20100,stair,-210,-7578,8.903
BAM,20110,stair,-255,-7547,9.857
BAM,20120,stair,-255,-7511,11.447
BAM,20130,stair,-255,-7473,12.083
BAM,20140,stair,-255,-7431,13.355
BAM,20150,stair,-255,-7389,13.355
BAM,20160,stair,-255,-7347,13.355
BAM,20170,stair,-255,-7303,13.991
BAM,20180,stair,-255,-7259,13.991
BAM,20190,stair,-255,-7215,13.991
BAM,20200,stair,-255,-7171,13.991
BAM,20210,stair,-255,-7126,14.309
BAM,20220,stair,-255,-7081,14.309
BAM,20230,stair,-255,-7037,13.991
BAM,20240,stair,-255,-6992,14.309
BAM,20250,stair,-255,-6947,14.309
BAM,20260,stair,-255,-6903,13.991
BAM,20270,stair,-255,-6858,14.309
BAM,20280,stair,-255,-6813,14.309
BAM,20290,stair,-255,-6769,13.991
BAM,20300,stair,-255,-6724,14.309
BAM,20310,stair,-255,-6679,14.309
BAM,20320,stair,-255,-6635,13.991
BAM,20330,stair,-255,-6590,14.309
BAM,20340,stair,-255,-6545,14.309
BAM,20350,stair,-255,-6500,14.309
BAM,20360,stair,-255,-6455,14.309
BAM,20370,stair,-255,-6411,13.991
BAM,20380,stair,-255,-6366,14.309
BAM,20390,stair,-255,-6321,14.309
BAM,20400,stair,-255,-6277,13.991
BAM,20410,stair,-255,-6232,14.309
BAM,20420,stair,-255,-6187,14.309
BAM,20430,stair,-255,-6143,13.991
BAM,20440,stair,-255,-6098,14.309
BAM,20450,stair,-255,-6053,14.309
BAM,20460,stair,-255,-6009,13.991
BAM,20470,stair,-255,-5964,14.309
BAM,20480,stair,-255,-5919,14.309
BAM,20490,stair,-255,-5875,13.991
BAM,20500,stair,-255,-5830,14.309
BAM,20510,stair,-255,-5785,14.309
BAM,20520,stair,-255,-5741,13.991
BAM,20530,stair,-255,-5695,14.627
BAM,20540,stair,-255,-5651,13.991
BAM,20550,stair,-255,-5606,14.309
BAM,20560,stair,-255,-5561,14.309
BAM,20570,stair,-255,-5517,13.991
BAM,20580,stair,-255,-5472,14.309
BAM,20590,stair,-255,-5427,14.309
BAM,20600,stair,-255,-5383,13.991
BAM,20610,stair,-255,-5338,14.309
BAM,20620,stair,-255,-5293,14.309
BAM,20630,stair,-255,-5249,13.991
BAM,20640,stair,-255,-5204,14.309
BAM,20650,stair,-255,-5159,14.309
BAM,20660,stair,-255,-5115,13.991
BAM,20670,stair,-255,-5070,14.309
BAM,20680,stair,-255,-5025,14.309
BAM,20690,stair,-255,-4981,13.991
BAM,20700,stair,-255,-4936,14.309
BAM,20710,stair,-255,-4891,14.309
BAM,20720,stair,-255,-4846,14.309
BAM,20730,stair,-255,-4801,14.309
BAM,20740,stair,-255,-4757,13.991
BAM,20750,stair,-255,-4712,14.309
BAM,20760,stair,-255,-4667,14.309
BAM,20770,stair,-255,-4623,13.991
BAM,20780,stair,-255,-4578,14.309
BAM,20790,stair,-255,-4533,14.309
BAM,20800,stair,-255,-4488,14.309
BAM,20810,stair,-255,-4443,14.309
BAM,20820,stair,-255,-4399,13.991
BAM,20830,stair,-255,-4354,14.309
BAM,20840,stair,-255,-4309,14.309
BAM,20850,stair,-255,-4265,13.991
BAM,20860,stair,-255,-4220,14.309
BAM,20870,stair,-255,-4175,14.309
BAM,20880,stair,-255,-4131,13.991
BAM,20890,stair,-255,-4086,14.309
BAM,20900,stair,-255,-4041,14.309
BAM,20910,stair,-255,-3996,14.309
BAM,20920,stair,-255,-3951,14.309
BAM,20930,stair,-255,-3907,13.991
BAM,20940,stair,-255,-3862,14.309
BAM,20950,stair,-255,-3817,14.309
BAM,20960,stair,-255,-3773,13.991
BAM,20970,stair,-255,-3728,14.309
BAM,20980,stair,-255,-3683,14.309
BAM,20990,stair,-255,-3639,13.991
BAM,21000,stair,-255,-3594,14.309
BAM,21010,stair,-255,-3549,14.309
BAM,21020,stair,-255,-3504,14.309
BAM,21030,stair,-255,-3459,14.309
BAM,21040,stair,-255,-3415,13.991
BAM,21050,stair,-255,-3370,14.309
BAM,21060,stair,-255,-3325,14.309
BAM,21070,stair,-255,-3281,13.991
BAM,21080,stair,-255,-3236,14.309
BAM,21090,stair,-255,-3191,14.309
BAM,21100,stair,-255,-3146,14.309
BAM,21110,stair,-255,-3101,14.309
BAM,21120,stair,-255,-3057,13.991
BAM,21130,stair,-255,-3012,14.309
BAM,21140,stair,-255,-2967,14.309
BAM,21150,stair,-255,-2923,13.991
BAM,21160,stair,-255,-2878,14.309
BAM,21170,stair,-255,-2833,14.309
BAM,21180,stair,-255,-2789,13.991
BAM,21190,stair,-255,-2744,14.309
BAM,21200,stair,-255,-2699,14.309
BAM,21210,stair,-255,-2654,14.309
BAM,21220,stair,-255,-2609,14.309
BAM,21230,stair,-255,-2565,13.991
BAM,21240,stair,-255,-2520,14.309
BAM,21250,stair,-255,-2475,14.309
BAM,21260,stair,-255,-2431,13.991
BAM,21270,stair,-255,-2386,14.309
BAM,21280,stair,-255,-2341,14.309
BAM,21290,stair,-255,-2296,14.309
BAM,21300,stair,-255,-2251,14.309
BAM,21310,stair,-255,-2207,13.991
BAM,21320,stair,-255,-2162,14.309
BAM,21330,stair,-255,-2117,14.309
BAM,21340,stair,-255,-2073,13.991
BAM,21350,stair,-255,-2028,14.309
BAM,21360,stair,-255,-1983,14.309
BAM,21370,stair,-255,-1939,13.991
BAM,21380,stair,-255,-1894,14.309
BAM,21390,stair,-255,-1849,14.309
BAM,21400,stair,-255,-1804,14.309
BAM,21410,stair,-255,-1759,14.309
BAM,21420,stair,-255,-1715,13.991
BAM,21430,stair,-255,-1670,14.309
BAM,21440,stair,-255,-1625,14.309
BAM,21450,stair,-255,-1581,13.991
BAM,21460,stair,-255,-1536,14.309
BAM,21470,stair,-255,-1491,14.309
BAM,21480,stair,-255,-1447,13.991
BAM,21490,stair,-255,-1402,14.309
BAM,21500,stair,-255,-1357,14.309
BAM,21510,stair,-255,-1312,14.309
BAM,21520,stair,-255,-1267,14.309
BAM,21530,stair,-255,-1223,13.991
BAM,21540,stair,-255,-1178,14.309
BAM,21550,stair,-255,-1133,14.309
BAM,21560,stair,-255,-1089,13.991
BAM,21570,stair,-255,-1044,14.309
BAM,21580,stair,-255,-999,14.309
BAM,21590,stair,-255,-954,14.309
BAM,21600,stair,-255,-909,14.309
BAM,21610,stair,0,-865,13.991
BAM,21620,stair,0,-822,13.673
BAM,21630,stair,0,-780,13.355
BAM,21640,stair,0,-739,13.037
BAM,21650,stair,0,-699,12.719
BAM,21660,stair,0,-659,12.719
BAM,21670,stair,0,-621,12.083
BAM,21680,stair,0,-583,12.083
BAM,21690,stair,0,-547,11.447
BAM,21700,stair,0,-511,11.447
BAM,21710,stair,0,-477,10.811
BAM,21720,stair,0,-443,10.811
BAM,21730,stair,0,-409,10.811
BAM,21740,stair,0,-377,10.175
BAM,21750,stair,0,-346,9.857
BAM,21760,stair,0,-315,9.857
BAM,21770,stair,0,-285,9.539
BAM,21780,stair,0,-255,9.539
BAM,21790,stair,0,-227,8.903
BAM,21800,stair,0,-199,8.903
BAM,21810,stair,0,-172,8.585
BAM,21820,stair,0,-145,8.585
BAM,21830,stair,0,-119,8.267
BAM,21840,stair,0,-95,7.631
BAM,21850,stair,0,-70,7.949
BAM,21860,stair,0,-46,7.631
BAM,21870,stair,0,-23,7.313
BAM,21880,stair,0,0,7.313
BAM,21890,stair,0,21,6.677
BAM,21900,stair,0,43,6.995
BAM,21910,stair,0,63,6.359
BAM,21920,stair,0,83,6.359
BAM,21930,stair,0,103,6.359
BAM,21940,stair,0,122,6.042
BAM,21950,stair,0,140,5.724
BAM,21960,stair,0,157,5.406
BAM,21970,stair,0,174,5.406
BAM,21980,stair,0,191,5.406
BAM,21990,stair,0,206,4.770
BAM,22000,stair,0,221,4.770
BAM,22010,stair,0,236,4.770
BAM,22020,stair,0,250,4.452
BAM,22030,stair,0,263,4.134
BAM,22040,stair,0,276,4.134
BAM,22050,stair,0,288,3.816
BAM,22060,stair,0,300,3.816
BAM,22070,stair,0,311,3.498
BAM,22080,stair,0,321,3.180
BAM,22090,stair,0,331,3.180
BAM,22100,stair,0,341,3.180
BAM,22110,stair,0,349,2.544
BAM,22120,stair,0,357,2.544
BAM,22130,stair,0,365,2.544
BAM,22140,stair,0,372,2.226
BAM,22150,stair,0,379,2.226
BAM,22160,stair,0,385,1.908
BAM,22170,stair,0,390,1.590
BAM,22180,stair,0,395,1.590
BAM,22190,stair,0,400,1.590
BAM,22200,stair,0,403,0.954
BAM,22210,spinup,220,401,-0.636
BAM,22220,spinup,220,387,-4.452
BAM,22230,spinup,220,367,-6.359
BAM,22240,spinup,220,343,-7.631
BAM,22250,spinup,220,317,-8.267
BAM,22260,spinup,220,289,-8.903
BAM,22270,spinup,220,260,-9.221
BAM,22280,spinup,220,231,-9.221
BAM,22290,spinup,220,201,-9.539
BAM,22300,spinup,220,171,-9.539
BAM,22310,spinup,220,140,-9.857
BAM,22320,spinup,220,109,-9.857
BAM,22330,spinup,220,79,-9.539
BAM,22340,spinup,220,48,-9.857
BAM,22350,spinup,220,17,-9.857
BAM,22360,spinup,220,-14,-9.857
BAM,22370,spinup,220,-45,-9.857
BAM,22380,spinup,220,-76,-9.857
BAM,22390,spinup,220,-107,-9.857
BAM,22400,spinup,220,-138,-9.857
BAM,22410,spinup,220,-169,-9.857
BAM,22420,spinup,220,-201,-10.175
BAM,22430,spinup,220,-231,-9.539
BAM,22440,spinup,220,-263,-10.175
BAM,22450,spinup,220,-294,-9.857
BAM,22460,spinup,220,-325,-9.857
BAM,22470,spinup,220,-357,-10.175
BAM,22480,spinup,220,-387,-9.539
BAM,22490,spinup,220,-419,-10.175
BAM,22500,spinup,220,-450,-9.857
BAM,22510,spinup,220,-481,-9.857
BAM,22520,spinup,220,-513,-10.175
BAM,22530,spinup,220,-543,-9.539
BAM,22540,spinup,220,-575,-10.175
BAM,22550,spinup,220,-606,-9.857
BAM,22560,spinup,220,-637,-9.857
BAM,22570,spinup,220,-669,-10.175
BAM,22580,spinup,220,-700,-9.857
BAM,22590,spinup,220,-731,-9.857
BAM,22600,spinup,220,-762,-9.857
BAM,22610,spinup,220,-793,-9.857
BAM,22620,spinup,220,-825,-10.175
BAM,22630,spinup,220,-856,-9.857
BAM,22640,spinup,220,-887,-9.857
BAM,22650,spinup,220,-919,-10.175
BAM,22660,spinup,220,-950,-9.857
BAM,22670,spinup,220,-981,-9.857
BAM,22680,spinup,220,-1012,-9.857
BAM,22690,spinup,220,-1043,-9.857
BAM,22700,spinup,220,-1075,-10.175
BAM,22710,spinup,220,-1106,-9.857
BAM,22720,spinup,220,-1137,-9.857
BAM,22730,spinup,220,-1169,-10.175
BAM,22740,spinup,220,-1200,-9.857
BAM,22750,spinup,220,-1231,-9.857
BAM,22760,spinup,220,-1262,-9.857
BAM,22770,spinup,220,-1293,-9.857
BAM,22780,spinup,220,-1325,-10.175
BAM,22790,spinup,220,-1356,-9.857
BAM,22800,spinup,220,-1387,-9.857
BAM,22810,spinup,220,-1419,-10.175
BAM,22820,spinup,220,-1450,-9.857
BAM,22830,spinup,220,-1481,-9.857
BAM,22840,spinup,220,-1513,-10.175
BAM,22850,spinup,220,-1544,-9.857
BAM,22860,spinup,220,-1575,-9.857
BAM,22870,spinup,220,-1607,-10.175
BAM,22880,spinup,220,-1637,-9.539
BAM,22890,spinup,220,-1669,-10.175
BAM,22900,spinup,220,-1700,-9.857
BAM,22910,spinup,220,-1731,-9.857
BAM,22920,spinup,220,-1763,-10.175
BAM,22930,spinup,220,-1794,-9.857
BAM,22940,spinup,220,-1825,-9.857
BAM,22950,spinup,220,-1857,-10.175
BAM,22960,spinup,220,-1888,-9.857
BAM,22970,spinup,220,-1919,-9.857
BAM,22980,spinup,220,-1951,-10.175
BAM,22990,spinup,220,-1982,-9.857
BAM,23000,spinup,220,-2013,-9.857
BAM,23010,spinup,220,-2045,-10.175
BAM,23020,spinup,220,-2076,-9.857
BAM,23030,spinup,220,-2107,-9.857
BAM,23040,spinup,220,-2139,-10.175
BAM,23050,spinup,220,-2170,-9.857
BAM,23060,spinup,220,-2201,-9.857
BAM,23070,spinup,220,-2233,-10.175
BAM,23080,spinup,220,-2264,-9.857
BAM,23090,spinup,220,-2295,-9.857
BAM,23100,spinup,220,-2327,-10.175
BAM,23110,spinup,220,-2358,-9.857
BAM,23120,spinup,220,-2389,-9.857
BAM,23130,spinup,220,-2421,-10.175
BAM,23140,spinup,220,-2451,-9.539
BAM,23150,spinup,220,-2483,-10.175
BAM,23160,spinup,220,-2514,-9.857
BAM,23170,spinup,220,-2545,-9.857
BAM,23180,spinup,220,-2577,-10.175
BAM,23190,spinup,220,-2608,-9.857
BAM,23200,spinup,220,-2639,-9.857
BAM,23210,spinup,220,-2671,-10.175
BAM,23220,spinup,220,-2702,-9.857
BAM,23230,spinup,220,-2733,-9.857
BAM,23240,spinup,220,-2765,-10.175
BAM,23250,spinup,220,-2796,-9.857
BAM,23260,spinup,220,-2827,-9.857
BAM,23270,spinup,220,-2859,-10.175
BAM,23280,spinup,220,-2890,-9.857
BAM,23290,spinup,220,-2921,-9.857
BAM,23300,spinup,220,-2953,-10.175
BAM,23310,spinup,220,-2984,-9.857
BAM,23320,spinup,220,-3015,-9.857
BAM,23330,spinup,220,-3047,-10.175
BAM,23340,spinup,220,-3078,-9.857
BAM,23350,spinup,220,-3109,-9.857
BAM,23360,spinup,220,-3141,-10.175
BAM,23370,spinup,220,-3172,-9.857
BAM,23380,spinup,220,-3203,-9.857
BAM,23390,spinup,220,-3235,-10.175
BAM,23400,spinup,220,-3266,-9.857
BAM,23410,spinup,220,-3297,-9.857
BAM,23420,spinup,220,-3329,-10.175
BAM,23430,spinup,220,-3360,-9.857
BAM,23440,spinup,220,-3391,-9.857
BAM,23450,spinup,220,-3423,-10.175
BAM,23460,spinup,220,-3454,-9.857
BAM,23470,spinup,220,-3485,-9.857
BAM,23480,spinup,220,-3516,-9.857
BAM,23490,spinup,220,-3548,-10.175
BAM,23500,spinup,220,-3579,-9.857
BAM,23510,spinup,220,-3611,-10.175
BAM,23520,spinup,220,-3642,-9.857
BAM,23530,spinup,220,-3673,-9.857
BAM,23540,spinup,220,-3705,-10.175
BAM,23550,spinup,220,-3736,-9.857
BAM,23560,spinup,220,-3767,-9.857
BAM,23570,spinup,220,-3799,-10.175
BAM,23580,spinup,220,-3830,-9.857
BAM,23590,spinup,220,-3861,-9.857
BAM,23600,spinup,220,-3893,-10.175
BAM,23610,spinup,220,-3923,-9.539
BAM,23620,spinup,220,-3955,-10.175
BAM,23630,spinup,220,-3987,-10.175
BAM,23640,spinup,220,-4018,-9.857
BAM,23650,spinup,220,-4049,-9.857
BAM,23660,spinup,220,-4081,-10.175
BAM,23670,spinup,220,-4112,-9.857
BAM,23680,spinup,220,-4143,-9.857
BAM,23690,spinup,220,-4175,-10.175
BAM,23700,spinup,220,-4206,-9.857
BAM,23710,coast,0,-4237,-9.857
BAM,23720,coast,0,-4267,-9.539
BAM,23730,coast,0,-4296,-9.221
BAM,23740,coast,0,-4325,-9.221
BAM,23750,coast,0,-4353,-8.903
BAM,23760,coast,0,-4380,-8.585
BAM,23770,coast,0,-4407,-8.585
BAM,23780,coast,0,-4433,-8.267
BAM,23790,coast,0,-4457,-7.631
BAM,23800,coast,0,-4482,-7.949
BAM,23810,coast,0,-4506,-7.631
BAM,23820,coast,0,-4529,-7.313
BAM,23830,coast,0,-4551,-6.995
BAM,23840,coast,0,-4573,-6.995
BAM,23850,coast,0,-4595,-6.995
BAM,23860,coast,0,-4615,-6.359
BAM,23870,coast,0,-4635,-6.359
BAM,23880,coast,0,-4654,-6.042
BAM,23890,coast,0,-4673,-6.042
BAM,23900,coast,0,-4691,-5.724
BAM,23910,coast,0,-4708,-5.406
BAM,23920,coast,0,-4725,-5.406
BAM,23930,coast,0,-4741,-5.088
BAM,23940,coast,0,-4756,-4.770
BAM,23950,coast,0,-4771,-4.770
BAM,23960,coast,0,-4785,-4.452
BAM,23970,coast,0,-4799,-4.452
BAM,23980,coast,0,-4812,-4.134
BAM,23990,coast,0,-4825,-4.134
BAM,24000,coast,0,-4837,-3.816
BAM,24010,coast,0,-4848,-3.498
BAM,24020,coast,0,-4859,-3.498
BAM,24030,coast,0,-4869,-3.180
BAM,24040,coast,0,-4879,-3.180
BAM,24050,coast,0,-4887,-2.544
BAM,24060,coast,0,-4896,-2.862
BAM,24070,coast,0,-4903,-2.226
BAM,24080,coast,0,-4911,-2.544
BAM,24090,coast,0,-4918,-2.226
BAM,24100,coast,0,-4924,-1.908
BAM,24110,coast,0,-4929,-1.590
BAM,24120,coast,0,-4935,-1.908
BAM,24130,coast,0,-4939,-1.272
BAM,24140,coast,0,-4943,-1.272
BAM,24150,coast,0,-4947,-1.272
BAM,24160,coast,0,-4949,-0.636
BAM,24170,coast,0,-4952,-0.954
BAM,24180,coast,0,-4954,-0.636
BAM,24190,coast,0,-4955,-0.318
BAM,24200,coast,0,-4955,0.000
BAM,24210,coast,0,-4955,0.000
BAM,24220,coast,0,-4955,0.000
BAM,24230,coast,0,-4955,0.000
BAM,24240,coast,0,-4955,0.000
BAM,24250,coast,0,-4955,0.000
BAM,24260,coast,0,-4955,0.000
BAM,24270,coast,0,-4955,0.000
BAM,24280,coast,0,-4955,0.000
BAM,24290,coast,0,-4955,0.000
BAM,24300,coast,0,-4955,0.000
BAM,24310,coast,0,-4955,0.000
BAM,24320,coast,0,-4955,0.000
BAM,24330,coast,0,-4955,0.000
BAM,24340,coast,0,-4955,0.000
BAM,24350,coast,0,-4955,0.000
BAM,24360,coast,0,-4955,0.000
BAM,24370,coast,0,-4955,0.000
BAM,24380,coast,0,-4955,0.000
BAM,24390,coast,0,-4955,0.000
BAM,24400,coast,0,-4955,0.000
BAM,24410,coast,0,-4955,0.000
BAM,24420,coast,0,-4955,0.000
BAM,24430,coast,0,-4955,0.000
BAM,24440,coast,0,-4955,0.000
BAM,24450,coast,0,-4955,0.000
BAM,24460,coast,0,-4955,0.000
BAM,24470,coast,0,-4955,0.000
BAM,24480,coast,0,-4955,0.000
BAM,24490,coast,0,-4955,0.000
BAM,24500,coast,0,-4955,0.000
BAM,24510,coast,0,-4955,0.000
BAM,24520,coast,0,-4955,0.000
BAM,24530,coast,0,-4955,0.000
BAM,24540,coast,0,-4955,0.000
BAM,24550,coast,0,-4955,0.000
BAM,24560,coast,0,-4955,0.000
BAM,24570,coast,0,-4955,0.000
BAM,24580,coast,0,-4955,0.000
BAM,24590,coast,0,-4955,0.000
BAM,24600,coast,0,-4955,0.000
BAM,24610,coast,0,-4955,0.000
BAM,24620,coast,0,-4955,0.000
BAM,24630,coast,0,-4955,0.000
BAM,24640,coast,0,-4955,0.000
BAM,24650,coast,0,-4955,0.000
BAM,24660,coast,0,-4955,0.000
BAM,24670,coast,0,-4955,0.000
BAM,24680,coast,0,-4955,0.000
BAM,24690,coast,0,-4955,0.000
BAM,24700,coast,0,-4955,0.000
BAM,24710,coast,0,-4955,0.000
BAM,24720,coast,0,-4955,0.000
BAM,24730,coast,0,-4955,0.000
BAM,24740,coast,0,-4955,0.000
BAM,24750,coast,0,-4955,0.000
BAM,24760,coast,0,-4955,0.000
BAM,24770,coast,0,-4955,0.000
BAM,24780,coast,0,-4955,0.000
BAM,24790,coast,0,-4955,0.000
BAM,24800,coast,0,-4955,0.000
BAM,24810,coast,0,-4955,0.000
BAM,24820,coast,0,-4955,0.000
BAM,24830,coast,0,-4955,0.000
BAM,24840,coast,0,-4955,0.000
BAM,24850,coast,0,-4955,0.000
BAM,24860,coast,0,-4955,0.000
BAM,24870,coast,0,-4955,0.000
BAM,24880,coast,0,-4955,0.000
BAM,24890,coast,0,-4955,0.000
BAM,24900,coast,0,-4955,0.000
BAM,24910,coast,0,-4955,0.000
BAM,24920,coast,0,-4955,0.000
BAM,24930,coast,0,-4955,0.000
BAM,24940,coast,0,-4955,0.000
BAM,24950,coast,0,-4955,0.000
BAM,24960,coast,0,-4955,0.000
BAM,24970,coast,0,-4955,0.000
BAM,24980,coast,0,-4955,0.000
BAM,24990,coast,0,-4955,0.000
BAM,25000,coast,0,-4955,0.000
BAM,25010,coast,0,-4955,0.000
BAM,25020,coast,0,-4955,0.000
BAM,25030,coast,0,-4955,0.000
BAM,25040,coast,0,-4955,0.000
BAM,25050,coast,0,-4955,0.000
BAM,25060,coast,0,-4955,0.000
BAM,25070,coast,0,-4955,0.000
BAM,25080,coast,0,-4955,0.000
BAM,25090,coast,0,-4955,0.000
BAM,25100,coast,0,-4955,0.000
BAM,25110,coast,0,-4955,0.000
BAM,25120,coast,0,-4955,0.000
BAM,25130,coast,0,-4955,0.000
BAM,25140,coast,0,-4955,0.000
BAM,25150,coast,0,-4955,0.000
BAM,25160,coast,0,-4955,0.000
BAM,25170,coast,0,-4955,0.000
BAM,25180,coast,0,-4955,0.000
BAM,25190,coast,0,-4955,0.000
BAM,25200,coast,0,-4955,0.000
BAM,25210,coast,0,-4955,0.000
BAM,25220,coast,0,-4955,0.000
BAM,25230,coast,0,-4955,0.000
BAM,25240,coast,0,-4955,0.000
BAM,25250,coast,0,-4955,0.000
BAM,25260,coast,0,-4955,0.000
BAM,25270,coast,0,-4955,0.000
BAM,25280,coast,0,-4955,0.000
BAM,25290,coast,0,-4955,0.000
BAM,25300,coast,0,-4955,0.000
BAM,25310,coast,0,-4955,0.000
BAM,25320,coast,0,-4955,0.000
BAM,25330,coast,0,-4955,0.000
BAM,25340,coast,0,-4955,0.000
BAM,25350,coast,0,-4955,0.000
BAM,25360,coast,0,-4955,0.000
BAM,25370,coast,0,-4955,0.000
BAM,25380,coast,0,-4955,0.000
BAM,25390,coast,0,-4955,0.000
BAM,25400,coast,0,-4955,0.000
BAM,25410,coast,0,-4955,0.000
BAM,25420,coast,0,-4955,0.000
BAM,25430,coast,0,-4955,0.000
BAM,25440,coast,0,-4955,0.000
BAM,25450,coast,0,-4955,0.000
BAM,25460,coast,0,-4955,0.000
BAM,25470,coast,0,-4955,0.000
BAM,25480,coast,0,-4955,0.000
BAM,25490,coast,0,-4955,0.000
BAM,25500,coast,0,-4955,0.000
BAM,25510,spinup,-220,-4950,1.590
BAM,25520,spinup,-220,-4935,4.770
BAM,25530,spinup,-220,-4913,6.995
BAM,25540,spinup,-220,-4889,7.631
BAM,25550,spinup,-220,-4861,8.903
BAM,25560,spinup,-220,-4833,8.903
BAM,25570,spinup,-220,-4803,9.539
BAM,25580,spinup,-220,-4773,9.539
BAM,25590,spinup,-220,-4742,9.857
BAM,25600,spinup,-220,-4711,9.857
BAM,25610,spinup,-220,-4680,9.857
BAM,25620,spinup,-220,-4649,9.857
BAM,25630,spinup,-220,-4617,10.175
BAM,25640,spinup,-220,-4585,10.175
BAM,25650,spinup,-220,-4553,10.175
BAM,25660,spinup,-220,-4522,9.857
BAM,25670,spinup,-220,-4490,10.175
BAM,25680,spinup,-220,-4458,10.175
BAM,25690,spinup,-220,-4426,10.175
BAM,25700,spinup,-220,-4394,10.175
BAM,25710,spinup,-220,-4363,9.857
BAM,25720,spinup,-220,-4331,10.175
BAM,25730,spinup,-220,-4299,10.175
BAM,25740,spinup,-220,-4267,10.175
BAM,25750,spinup,-220,-4235,10.175
BAM,25760,spinup,-220,-4203,10.175
BAM,25770,spinup,-220,-4171,10.175
BAM,25780,spinup,-220,-4139,10.175
BAM,25790,spinup,-220,-4107,10.175
BAM,25800,spinup,-220,-4075,10.175
BAM,25810,spinup,-220,-4043,10.175
BAM,25820,spinup,-220,-4011,10.175
BAM,25830,spinup,-220,-3979,10.175
BAM,25840,spinup,-220,-3947,10.175
BAM,25850,spinup,-220,-3915,10.175
BAM,25860,spinup,-220,-3883,10.175
BAM,25870,spinup,-220,-3851,10.175
BAM,25880,spinup,-220,-3819,10.175
BAM,25890,spinup,-220,-3787,10.175
BAM,25900,spinup,-220,-3755,10.175
BAM,25910,spinup,-220,-3723,10.175
BAM,25920,spinup,-220,-3691,10.175
BAM,25930,spinup,-220,-3659,10.175
BAM,25940,spinup,-220,-3627,10.175
BAM,25950,spinup,-220,-3595,10.175
BAM,25960,spinup,-220,-3563,10.175
BAM,25970,spinup,-220,-3531,10.175
BAM,25980,spinup,-220,-3498,10.493
BAM,25990,spinup,-220,-3466,10.175
BAM,26000,spinup,-220,-3434,10.175
BAM,26010,spinup,-220,-3402,10.175
BAM,26020,spinup,-220,-3370,10.175
BAM,26030,spinup,-220,-3338,10.175
BAM,26040,spinup,-220,-3306,10.175
BAM,26050,spinup,-220,-3274,10.175
BAM,26060,spinup,-220,-3242,10.175
BAM,26070,spinup,-220,-3210,10.175
BAM,26080,spinup,-220,-3178,10.175
BAM,26090,spinup,-220,-3146,10.175
BAM,26100,spinup,-220,-3114,10.175
BAM,26110,spinup,-220,-3082,10.175
BAM,26120,spinup,-220,-3050,10.175
BAM,26130,spinup,-220,-3018,10.175
BAM,26140,spinup,-220,-2986,10.175
BAM,26150,spinup,-220,-2954,10.175
BAM,26160,spinup,-220,-2922,10.175
BAM,26170,spinup,-220,-2889,10.493
BAM,26180,spinup,-220,-2857,10.175
BAM,26190,spinup,-220,-2825,10.175
BAM,26200,spinup,-220,-2793,10.175
BAM,26210,spinup,-220,-2761,10.175
BAM,26220,spinup,-220,-2729,10.175
BAM,26230,spinup,-220,-2697,10.175
BAM,26240,spinup,-220,-2665,10.175
BAM,26250,spinup,-220,-2633,10.175
BAM,26260,spinup,-220,-2601,10.175
BAM,26270,spinup,-220,-2569,10.175
BAM,26280,spinup,-220,-2537,10.175
BAM,26290,spinup,-220,-2505,10.175
BAM,26300,spinup,-220,-2473,10.175
BAM,26310,spinup,-220,-2440,10.493
BAM,26320,spinup,-220,-2408,10.175
BAM,26330,spinup,-220,-2376,10.175
BAM,26340,spinup,-220,-2344,10.175
BAM,26350,spinup,-220,-2312,10.175
BAM,26360,spinup,-220,-2280,10.175
BAM,26370,spinup,-220,-2248,10.175
BAM,26380,spinup,-220,-2215,10.493
BAM,26390,spinup,-220,-2183,10.175
BAM,26400,spinup,-220,-2151,10.175
BAM,26410,spinup,-220,-2119,10.175
BAM,26420,spinup,-220,-2087,10.175
BAM,26430,spinup,-220,-2055,10.175
BAM,26440,spinup,-220,-2023,10.175
BAM,26450,spinup,-220,-1991,10.175
BAM,26460,spinup,-220,-1959,10.175
BAM,26470,spinup,-220,-1927,10.175
BAM,26480,spinup,-220,-1895,10.175
BAM,26490,spinup,-220,-1863,10.175
BAM,26500,spinup,-220,-1831,10.175
BAM,26510,spinup,-220,-1799,10.175
BAM,26520,spinup,-220,-1767,10.175
BAM,26530,spinup,-220,-1734,10.493
BAM,26540,spinup,-220,-1702,10.175
BAM,26550,spinup,-220,-1670,10.175
BAM,26560,spinup,-220,-1638,10.175
BAM,26570,spinup,-220,-1606,10.175
BAM,26580,spinup,-220,-1574,10.175
BAM,26590,spinup,-220,-1542,10.175
BAM,26600,spinup,-220,-1510,10.175
BAM,26610,spinup,-220,-1477,10.493
BAM,26620,spinup,-220,-1445,10.175
BAM,26630,spinup,-220,-1413,10.175
BAM,26640,spinup,-220,-1381,10.175
BAM,26650,spinup,-220,-1349,10.175
BAM,26660,spinup,-220,-1317,10.175
BAM,26670,spinup,-220,-1285,10.175
BAM,26680,spinup,-220,-1253,10.175
BAM,26690,spinup,-220,-1221,10.175
BAM,26700,spinup,-220,-1189,10.175
BAM,26710,spinup,-220,-1157,10.175
BAM,26720,spinup,-220,-1125,10.175
BAM,26730,spinup,-220,-1093,10.175
BAM,26740,spinup,-220,-1061,10.175
BAM,26750,spinup,-220,-1029,10.175
BAM,26760,spinup,-220,-997,10.175
BAM,26770,spinup,-220,-965,10.175
BAM,26780,spinup,-220,-932,10.493
BAM,26790,spinup,-220,-900,10.175
BAM,26800,spinup,-220,-868,10.175
BAM,26810,spinup,-220,-836,10.175
BAM,26820,spinup,-220,-804,10.175
BAM,26830,spinup,-220,-772,10.175
BAM,26840,spinup,-220,-740,10.175
BAM,26850,spinup,-220,-707,10.493
BAM,26860,spinup,-220,-675,10.175
BAM,26870,spinup,-220,-643,10.175
BAM,26880,spinup,-220,-611,10.175
BAM,26890,spinup,-220,-579,10.175
BAM,26900,spinup,-220,-547,10.175
BAM,26910,spinup,-220,-515,10.175
BAM,26920,spinup,-220,-483,10.175
BAM,26930,spinup,-220,-451,10.175
BAM,26940,spinup,-220,-419,10.175
BAM,26950,spinup,-220,-387,10.175
BAM,26960,spinup,-220,-355,10.175
BAM,26970,spinup,-220,-322,10.493
BAM,26980,spinup,-220,-290,10.175
BAM,26990,spinup,-220,-258,10.175
BAM,27000,spinup,-220,-226,10.175
BAM,27010,coast,0,-195,9.857
BAM,27020,coast,0,-163,10.175
BAM,27030,coast,0,-133,9.539
BAM,27040,coast,0,-104,9.221
BAM,27050,coast,0,-75,9.221
BAM,27060,coast,0,-47,8.903
BAM,27070,coast,0,-20,8.585
BAM,27080,coast,0,7,8.585
BAM,27090,coast,0,33,8.267
BAM,27100,coast,0,58,7.949
BAM,27110,coast,0,83,7.949
BAM,27120,coast,0,107,7.631
BAM,27130,coast,0,130,7.313
BAM,27140,coast,0,153,7.313
BAM,27150,coast,0,175,6.995
BAM,27160,coast,0,196,6.677
BAM,27170,coast,0,217,6.677
BAM,27180,coast,0,237,6.359
BAM,27190,coast,0,256,6.042
BAM,27200,coast,0,275,6.042
BAM,27210,coast,0,293,5.724
BAM,27220,coast,0,311,5.724
BAM,27230,coast,0,327,5.088
BAM,27240,coast,0,344,5.406
BAM,27250,coast,0,359,4.770
BAM,27260,coast,0,375,5.088
BAM,27270,coast,0,389,4.452
BAM,27280,coast,0,403,4.452
BAM,27290,coast,0,416,4.134
BAM,27300,coast,0,429,4.134
BAM,27310,coast,0,441,3.816
BAM,27320,coast,0,452,3.498
BAM,27330,coast,0,463,3.498
BAM,27340,coast,0,473,3.180
BAM,27350,coast,0,483,3.180
BAM,27360,coast,0,493,3.180
BAM,27370,coast,0,501,2.544
BAM,27380,coast,0,509,2.544
BAM,27390,coast,0,517,2.544
BAM,27400,coast,0,524,2.226
BAM,27410,coast,0,530,1.908
BAM,27420,coast,0,536,1.908
BAM,27430,coast,0,541,1.590
BAM,27440,coast,0,546,1.590
BAM,27450,coast,0,551,1.590
BAM,27460,coast,0,555,1.272
BAM,27470,coast,0,557,0.636
BAM,27480,coast,0,561,1.272
BAM,27490,coast,0,563,0.636
BAM,27500,coast,0,565,0.636
BAM,27510,coast,0,565,0.000
BAM,27520,coast,0,565,0.000
BAM,27530,coast,0,565,0.000
BAM,27540,coast,0,565,0.000
BAM,27550,coast,0,565,0.000
BAM,27560,coast,0,565,0.000
BAM,27570,coast,0,565,0.000
BAM,27580,coast,0,565,0.000
BAM,27590,coast,0,565,0.000
BAM,27600,coast,0,565,0.000
BAM,27610,coast,0,565,0.000
BAM,27620,coast,0,565,0.000
BAM,27630,coast,0,565,0.000
BAM,27640,coast,0,565,0.000
BAM,27650,coast,0,565,0.000
BAM,27660,coast,0,565,0.000
BAM,27670,coast,0,565,0.000
BAM,27680,coast,0,565,0.000
BAM,27690,coast,0,565,0.000
BAM,27700,coast,0,565,0.000
BAM,27710,coast,0,565,0.000
BAM,27720,coast,0,565,0.000
BAM,27730,coast,0,565,0.000
BAM,27740,coast,0,565,0.000
BAM,27750,coast,0,565,0.000
BAM,27760,coast,0,565,0.000
BAM,27770,coast,0,565,0.000
BAM,27780,coast,0,565,0.000
BAM,27790,coast,0,565,0.000
BAM,27800,coast,0,565,0.000
BAM,27810,coast,0,565,0.000
BAM,27820,coast,0,565,0.000
BAM,27830,coast,0,565,0.000
BAM,27840,coast,0,565,0.000
BAM,27850,coast,0,565,0.000
BAM,27860,coast,0,565,0.000
BAM,27870,coast,0,565,0.000
BAM,27880,coast,0,565,0.000
BAM,27890,coast,0,565,0.000
BAM,27900,coast,0,565,0.000
BAM,27910,coast,0,565,0.000
BAM,27920,coast,0,565,0.000
BAM,27930,coast,0,565,0.000
BAM,27940,coast,0,565,0.000
BAM,27950,coast,0,565,0.000
BAM,27960,coast,0,565,0.000
BAM,27970,coast,0,565,0.000
BAM,27980,coast,0,565,0.000
BAM,27990,coast,0,565,0.000
BAM,28000,coast,0,565,0.000
BAM,28010,coast,0,565,0.000
BAM,28020,coast,0,565,0.000
BAM,28030,coast,0,565,0.000
BAM,28040,coast,0,565,0.000
BAM,28050,coast,0,565,0.000
BAM,28060,coast,0,565,0.000
BAM,28070,coast,0,565,0.000
BAM,28080,coast,0,565,0.000
BAM,28090,coast,0,565,0.000
BAM,28100,coast,0,565,0.000
BAM,28110,coast,0,565,0.000
BAM,28120,coast,0,565,0.000
BAM,28130,coast,0,565,0.000
BAM,28140,coast,0,565,0.000
BAM,28150,coast,0,565,0.000
BAM,28160,coast,0,565,0.000
BAM,28170,coast,0,565,0.000
BAM,28180,coast,0,565,0.000
BAM,28190,coast,0,565,0.000
BAM,28200,coast,0,565,0.000
BAM,28210,coast,0,565,0.000
BAM,28220,coast,0,565,0.000
BAM,28230,coast,0,565,0.000
BAM,28240,coast,0,565,0.000
BAM,28250,coast,0,565,0.000
BAM,28260,coast,0,565,0.000
BAM,28270,coast,0,565,0.000
BAM,28280,coast,0,565,0.000
BAM,28290,coast,0,565,0.000
BAM,28300,coast,0,565,0.000
BAM,28310,coast,0,565,0.000
BAM,28320,coast,0,565,0.000
BAM,28330,coast,0,565,0.000
BAM,28340,coast,0,565,0.000
BAM,28350,coast,0,565,0.000
BAM,28360,coast,0,565,0.000
BAM,28370,coast,0,565,0.000
BAM,28380,coast,0,565,0.000
BAM,28390,coast,0,565,0.000
BAM,28400,coast,0,565,0.000
BAM,28410,coast,0,565,0.000
BAM,28420,coast,0,565,0.000
BAM,28430,coast,0,565,0.000
BAM,28440,coast,0,565,0.000
BAM,28450,coast,0,565,0.000
BAM,28460,coast,0,565,0.000
BAM,28470,coast,0,565,0.000
BAM,28480,coast,0,565,0.000
BAM,28490,coast,0,565,0.000
BAM,28500,coast,0,565,0.000
BAM,28510,coast,0,565,0.000
BAM,28520,coast,0,565,0.000
BAM,28530,coast,0,565,0.000
BAM,28540,coast,0,565,0.000
BAM,28550,coast,0,565,0.000
BAM,28560,coast,0,565,0.000
BAM,28570,coast,0,565,0.000
BAM,28580,coast,0,565,0.000
BAM,28590,coast,0,565,0.000
BAM,28600,coast,0,565,0.000
BAM,28610,coast,0,565,0.000
BAM,28620,coast,0,565,0.000
BAM,28630,coast,0,565,0.000
BAM,28640,coast,0,565,0.000
BAM,28650,coast,0,565,0.000
BAM,28660,coast,0,565,0.000
BAM,28670,coast,0,565,0.000
BAM,28680,coast,0,565,0.000
BAM,28690,coast,0,565,0.000
BAM,28700,coast,0,565,0.000
BAM,28710,coast,0,565,0.000
BAM,28720,coast,0,565,0.000
BAM,28730,coast,0,565,0.000
BAM,28740,coast,0,565,0.000
BAM,28750,coast,0,565,0.000
BAM,28760,coast,0,565,0.000
BAM,28770,coast,0,565,0.000
BAM,28780,coast,0,565,0.000
BAM,28790,coast,0,565,0.000
BAM,28800,coast,0,565,0.000
BAM,28810,deadband,30,565,0.000
BAM,28820,deadband,30,565,0.000
BAM,28830,deadband,30,565,0.000
BAM,28840,deadband,30,565,0.000
BAM,28850,deadband,30,565,0.000
BAM,28860,deadband,30,565,0.000
BAM,28870,deadband,30,565,0.000
BAM,28880,deadband,30,565,0.000
BAM,28890,deadband,30,565,0.000
BAM,28900,deadband,30,565,0.000
BAM,28910,deadband,30,565,0.000
BAM,28920,deadband,30,565,0.000
BAM,28930,deadband,30,565,0.000
BAM,28940,deadband,30,565,0.000
BAM,28950,deadband,30,565,0.000
BAM,28960,deadband,30,565,0.000
BAM,28970,deadband,30,565,0.000
BAM,28980,deadband,30,565,0.000
BAM,28990,deadband,30,565,0.000
BAM,29000,deadband,30,565,0.000
BAM,29010,deadband,32,565,0.000
BAM,29020,deadband,32,565,0.000
BAM,29030,deadband,32,565,0.000
BAM,29040,deadband,32,565,0.000
BAM,29050,deadband,32,565,0.000
BAM,29060,deadband,32,565,0.000
BAM,29070,deadband,32,565,0.000
BAM,29080,deadband,32,565,0.000
BAM,29090,deadband,32,565,0.000
BAM,29100,deadband,32,565,0.000
BAM,29110,deadband,32,565,0.000
BAM,29120,deadband,32,565,0.000
BAM,29130,deadband,32,565,0.000
BAM,29140,deadband,32,565,0.000
BAM,29150,deadband,32,565,0.000
BAM,29160,deadband,32,565,0.000
BAM,29170,deadband,32,565,0.000
BAM,29180,deadband,32,565,0.000
BAM,29190,deadband,32,565,0.000
BAM,29200,deadband,32,565,0.000
BAM,29210,deadband,34,565,0.000
BAM,29220,deadband,34,565,0.000
BAM,29230,deadband,34,565,0.000
BAM,29240,deadband,34,565,0.000
BAM,29250,deadband,34,565,0.000
BAM,29260,deadband,34,565,0.000
BAM,29270,deadband,34,565,0.000
BAM,29280,deadband,34,565,0.000
BAM,29290,deadband,34,565,0.000
BAM,29300,deadband,34,565,0.000
BAM,29310,deadband,34,565,0.000
BAM,29320,deadband,34,565,0.000
BAM,29330,deadband,34,565,0.000
BAM,29340,deadband,34,565,0.000
BAM,29350,deadband,34,565,0.000
BAM,29360,deadband,34,565,0.000
BAM,29370,deadband,34,565,0.000
BAM,29380,deadband,34,565,0.000
BAM,29390,deadband,34,565,0.000
BAM,29400,deadband,34,565,0.000
BAM,29410,deadband,36,565,0.000
BAM,29420,deadband,36,565,0.000
BAM,29430,deadband,36,565,0.000
BAM,29440,deadband,36,565,0.000
BAM,29450,deadband,36,565,0.000
BAM,29460,deadband,36,565,0.000
BAM,29470,deadband,36,565,0.000
BAM,29480,deadband,36,565,0.000
BAM,29490,deadband,36,565,0.000
BAM,29500,deadband,36,565,0.000
BAM,29510,deadband,36,565,0.000
BAM,29520,deadband,36,565,0.000
BAM,29530,deadband,36,565,0.000
BAM,29540,deadband,36,565,0.000
BAM,29550,deadband,36,565,0.000
BAM,29560,deadband,36,565,0.000
BAM,29570,deadband,36,565,0.000
BAM,29580,deadband,36,565,0.000
BAM,29590,deadband,36,565,0.000
BAM,29600,deadband,36,565,0.000
BAM,29610,deadband,38,565,0.000
BAM,29620,deadband,38,565,0.000
BAM,29630,deadband,38,565,0.000
BAM,29640,deadband,38,565,0.000
BAM,29650,deadband,38,565,0.000
BAM,29660,deadband,38,565,0.000
BAM,29670,deadband,38,565,0.000
BAM,29680,deadband,38,565,0.000
BAM,29690,deadband,38,565,0.000
BAM,29700,deadband,38,565,0.000
BAM,29710,deadband,38,565,0.000
BAM,29720,deadband,38,565,0.000
BAM,29730,deadband,38,565,0.000
BAM,29740,deadband,38,565,0.000
BAM,29750,deadband,38,565,0.000
BAM,29760,deadband,38,565,0.000
BAM,29770,deadband,38,565,0.000
BAM,29780,deadband,38,565,0.000
BAM,29790,deadband,38,565,0.000
BAM,29800,deadband,38,565,0.000
BAM,29810,deadband,40,565,0.000
BAM,29820,deadband,40,565,0.000
BAM,29830,deadband,40,565,0.000
BAM,29840,deadband,40,565,0.000
BAM,29850,deadband,40,565,0.000
BAM,29860,deadband,40,565,0.000
BAM,29870,deadband,40,565,0.000
BAM,29880,deadband,40,565,0.000
BAM,29890,deadband,40,565,0.000
BAM,29900,deadband,40,565,0.000
BAM,29910,deadband,40,565,0.000
BAM,29920,deadband,40,565,0.000
BAM,29930,deadband,40,565,0.000
BAM,29940,deadband,40,565,0.000
BAM,29950,deadband,40,565,0.000
BAM,29960,deadband,40,565,0.000
BAM,29970,deadband,40,565,0.000
BAM,29980,deadband,40,565,0.000
BAM,29990,deadband,40,565,0.000
BAM,30000,deadband,40,565,0.000
BAM,30010,deadband,42,565,0.000
BAM,30020,deadband,42,565,0.000
BAM,30030,deadband,42,565,0.000
BAM,30040,deadband,42,565,0.000
BAM,30050,deadband,42,565,0.000
BAM,30060,deadband,42,565,0.000
BAM,30070,deadband,42,565,0.000
BAM,30080,deadband,42,565,0.000
BAM,30090,deadband,42,565,0.000
BAM,30100,deadband,42,565,0.000
BAM,30110,deadband,42,565,0.000
BAM,30120,deadband,42,565,0.000
BAM,30130,deadband,42,565,0.000
BAM,30140,deadband,42,565,0.000
BAM,30150,deadband,42,565,0.000
BAM,30160,deadband,42,565,0.000
BAM,30170,deadband,42,565,0.000
BAM,30180,deadband,42,565,0.000
BAM,30190,deadband,42,565,0.000
BAM,30200,deadband,42,565,0.000
BAM,30210,deadband,44,565,0.000
BAM,30220,deadband,44,565,0.000
BAM,30230,deadband,44,565,0.000
BAM,30240,deadband,44,565,0.000
BAM,30250,deadband,44,565,0.000
BAM,30260,deadband,44,565,0.000
BAM,30270,deadband,44,565,0.000
BAM,30280,deadband,44,565,0.000
BAM,30290,deadband,44,565,0.000
BAM,30300,deadband,44,565,0.000
BAM,30310,deadband,44,565,0.000
BAM,30320,deadband,44,565,0.000
BAM,30330,deadband,44,565,0.000
BAM,30340,deadband,44,565,0.000
BAM,30350,deadband,44,565,0.000
BAM,30360,deadband,44,565,0.000
BAM,30370,deadband,44,565,0.000
BAM,30380,deadband,44,565,0.000
BAM,30390,deadband,44,565,0.000
BAM,30400,deadband,44,565,0.000
BAM,30410,deadband,46,565,0.000
BAM,30420,deadband,46,565,0.000
BAM,30430,deadband,46,565,0.000
BAM,30440,deadband,46,565,0.000
BAM,30450,deadband,46,565,0.000
BAM,30460,deadband,46,565,0.000
BAM,30470,deadband,46,565,0.000
BAM,30480,deadband,46,565,0.000
BAM,30490,deadband,46,565,0.000
BAM,30500,deadband,46,565,0.000
BAM,30510,deadband,46,565,0.000
BAM,30520,deadband,46,565,0.000
BAM,30530,deadband,46,565,0.000
BAM,30540,deadband,46,565,0.000
BAM,30550,deadband,46,565,0.000
BAM,30560,deadband,46,565,0.000
BAM,30570,deadband,46,565,0.000
BAM,30580,deadband,46,565,0.000
BAM,30590,deadband,46,565,0.000
BAM,30600,deadband,46,565,0.000
BAM,30610,deadband,48,565,0.000
BAM,30620,deadband,48,565,0.000
BAM,30630,deadband,48,565,0.000
BAM,30640,deadband,48,565,0.000
BAM,30650,deadband,48,565,0.000
BAM,30660,deadband,48,565,0.000
BAM,30670,deadband,48,565,0.000
BAM,30680,deadband,48,565,0.000
BAM,30690,deadband,48,565,0.000
BAM,30700,deadband,48,565,0.000
BAM,30710,deadband,48,565,0.000
BAM,30720,deadband,48,565,0.000
BAM,30730,deadband,48,565,0.000
BAM,30740,deadband,48,565,0.000
BAM,30750,deadband,48,565,0.000
BAM,30760,deadband,48,565,0.000
BAM,30770,deadband,48,565,0.000
BAM,30780,deadband,48,565,0.000
BAM,30790,deadband,48,565,0.000
BAM,30800,deadband,48,565,0.000
BAM,30810,deadband,50,565,0.000
BAM,30820,deadband,50,565,0.000
BAM,30830,deadband,50,565,0.000
BAM,30840,deadband,50,565,0.000
BAM,30850,deadband,50,565,0.000
BAM,30860,deadband,50,565,0.000
BAM,30870,deadband,50,565,0.000
BAM,30880,deadband,50,565,0.000
BAM,30890,deadband,50,565,0.000
BAM,30900,deadband,50,565,0.000
BAM,30910,deadband,50,565,0.000
BAM,30920,deadband,50,565,0.000
BAM,30930,deadband,50,565,0.000
BAM,30940,deadband,50,565,0.000
BAM,30950,deadband,50,565,0.000
BAM,30960,deadband,50,565,0.000
BAM,30970,deadband,50,565,0.000
BAM,30980,deadband,50,565,0.000
BAM,30990,deadband,50,565,0.000
BAM,31000,deadband,50,565,0.000
BAM,31010,deadband,52,565,0.000
BAM,31020,deadband,52,565,0.000
BAM,31030,deadband,52,565,0.000
BAM,31040,deadband,52,565,0.000
BAM,31050,deadband,52,565,0.000
BAM,31060,deadband,52,565,0.000
BAM,31070,deadband,52,565,0.000
BAM,31080,deadband,52,565,0.000
BAM,31090,deadband,52,565,0.000
BAM,31100,deadband,52,565,0.000
BAM,31110,deadband,52,565,0.000
BAM,31120,deadband,52,565,0.000
BAM,31130,deadband,52,565,0.000
BAM,31140,deadband,52,565,0.000
BAM,31150,deadband,52,565,0.000
BAM,31160,deadband,52,565,0.000
BAM,31170,deadband,52,565,0.000
BAM,31180,deadband,52,565,0.000
BAM,31190,deadband,52,565,0.000
BAM,31200,deadband,52,565,0.000
BAM,31210,deadband,54,565,0.000
BAM,31220,deadband,54,565,0.000
BAM,31230,deadband,54,565,0.000
BAM,31240,deadband,54,565,0.000
BAM,31250,deadband,54,565,0.000
BAM,31260,deadband,54,565,0.000
BAM,31270,deadband,54,565,0.000
BAM,31280,deadband,54,565,0.000
BAM,31290,deadband,54,565,0.000
BAM,31300,deadband,54,565,0.000
BAM,31310,deadband,54,565,0.000
BAM,31320,deadband,54,565,0.000
BAM,31330,deadband,54,565,0.000
BAM,31340,deadband,54,565,0.000
BAM,31350,deadband,54,565,0.000
BAM,31360,deadband,54,565,0.000
BAM,31370,deadband,54,565,0.000
BAM,31380,deadband,54,565,0.000
BAM,31390,deadband,54,565,0.000
BAM,31400,deadband,54,565,0.000
BAM,31410,deadband,56,565,0.000
BAM,31420,deadband,56,565,0.000
BAM,31430,deadband,56,565,0.000
BAM,31440,deadband,56,565,0.000
BAM,31450,deadband,56,565,0.000
BAM,31460,deadband,56,565,0.000
BAM,31470,deadband,56,565,0.000
BAM,31480,deadband,56,565,0.000
BAM,31490,deadband,56,565,0.000
BAM,31500,deadband,56,565,0.000
BAM,31510,deadband,56,565,0.000
BAM,31520,deadband,56,565,0.000
BAM,31530,deadband,56,565,0.000
BAM,31540,deadband,56,565,0.000
BAM,31550,deadband,56,565,0.000
BAM,31560,deadband,56,565,0.000
BAM,31570,deadband,56,565,0.000
BAM,31580,deadband,56,565,0.000
BAM,31590,deadband,56,565,0.000
BAM,31600,deadband,56,565,0.000
BAM,31610,deadband,58,565,0.000
BAM,31620,deadband,58,565,0.000
BAM,31630,deadband,58,565,0.000
BAM,31640,deadband,58,565,0.000
BAM,31650,deadband,58,565,0.000
BAM,31660,deadband,58,565,0.000
BAM,31670,deadband,58,565,0.000
BAM,31680,deadband,58,565,0.000
BAM,31690,deadband,58,565,0.000
BAM,31700,deadband,58,565,0.000
BAM,31710,deadband,58,565,0.000
BAM,31720,deadband,58,565,0.000
BAM,31730,deadband,58,565,0.000
BAM,31740,deadband,58,565,0.000
BAM,31750,deadband,58,565,0.000
BAM,31760,deadband,58,565,0.000
BAM,31770,deadband,58,565,0.000
BAM,31780,deadband,58,565,0.000
BAM,31790,deadband,58,565,0.000
BAM,31800,deadband,58,565,0.000
BAM,31810,deadband,60,565,0.000
BAM,31820,deadband,60,565,0.000
BAM,31830,deadband,60,565,0.000
BAM,31840,deadband,60,565,0.000
BAM,31850,deadband,60,565,0.000
BAM,31860,deadband,60,565,0.000
BAM,31870,deadband,60,565,0.000
BAM,31880,deadband,60,565,0.000
BAM,31890,deadband,60,565,0.000
BAM,31900,deadband,60,565,0.000
BAM,31910,deadband,60,565,0.000
BAM,31920,deadband,60,565,0.000
BAM,31930,deadband,60,565,0.000
BAM,31940,deadband,60,565,0.000
BAM,31950,deadband,60,565,0.000
BAM,31960,deadband,60,565,0.000
BAM,31970,deadband,60,565,0.000
BAM,31980,deadband,60,565,0.000
BAM,31990,deadband,60,565,0.000
BAM,32000,deadband,60,565,0.000
BAM,32010,deadband,62,565,0.000
BAM,32020,deadband,62,565,0.000
BAM,32030,deadband,62,565,0.000
BAM,32040,deadband,62,565,0.000
BAM,32050,deadband,62,565,0.000
BAM,32060,deadband,62,565,0.000
BAM,32070,deadband,62,565,0.000
BAM,32080,deadband,62,565,0.000
BAM,32090,deadband,62,565,0.000
BAM,32100,deadband,62,565,0.000
BAM,32110,deadband,62,565,0.000
BAM,32120,deadband,62,565,0.000
BAM,32130,deadband,62,565,0.000
BAM,32140,deadband,62,565,0.000
BAM,32150,deadband,62,565,0.000
BAM,32160,deadband,62,565,0.000
BAM,32170,deadband,62,565,0.000
BAM,32180,deadband,62,565,0.000
BAM,32190,deadband,62,565,0.000
BAM,32200,deadband,62,565,0.000
BAM,32210,deadband,64,565,0.000
BAM,32220,deadband,64,565,0.000
BAM,32230,deadband,64,565,0.000
BAM,32240,deadband,64,565,0.000
BAM,32250,deadband,64,565,0.000
BAM,32260,deadband,64,565,0.000
BAM,32270,deadband,64,565,0.000
BAM,32280,deadband,64,565,0.000
BAM,32290,deadband,64,565,0.000
BAM,32300,deadband,64,565,0.000
BAM,32310,deadband,64,565,0.000
BAM,32320,deadband,64,565,0.000
BAM,32330,deadband,64,565,0.000
BAM,32340,deadband,64,565,0.000
BAM,32350,deadband,64,565,0.000
BAM,32360,deadband,64,565,0.000
BAM,32370,deadband,64,565,0.000
BAM,32380,deadband,64,565,0.000
BAM,32390,deadband,64,565,0.000
BAM,32400,deadband,64,565,0.000
BAM,32410,deadband,66,565,0.000
BAM,32420,deadband,66,565,0.000
BAM,32430,deadband,66,565,0.000
BAM,32440,deadband,66,565,0.000
BAM,32450,deadband,66,565,0.000
BAM,32460,deadband,66,565,0.000
BAM,32470,deadband,66,565,0.000
BAM,32480,deadband,66,565,0.000
BAM,32490,deadband,66,565,0.000
BAM,32500,deadband,66,565,0.000
BAM,32510,deadband,66,565,0.000
BAM,32520,deadband,66,565,0.000
BAM,32530,deadband,66,565,0.000
BAM,32540,deadband,66,565,0.000
BAM,32550,deadband,66,565,0.000
BAM,32560,deadband,66,565,0.000
BAM,32570,deadband,66,565,0.000
BAM,32580,deadband,66,565,0.000
BAM,32590,deadband,66,565,0.000
BAM,32600,deadband,66,565,0.000
BAM,32610,deadband,68,565,0.000
BAM,32620,deadband,68,565,0.000
BAM,32630,deadband,68,565,0.000
BAM,32640,deadband,68,565,0.000
BAM,32650,deadband,68,565,0.000
BAM,32660,deadband,68,565,0.000
BAM,32670,deadband,68,565,0.000
BAM,32680,deadband,68,565,0.000
BAM,32690,deadband,68,565,0.000
BAM,32700,deadband,68,565,0.000
BAM,32710,deadband,68,565,0.000
BAM,32720,deadband,68,565,0.000
BAM,32730,deadband,68,565,0.000
BAM,32740,deadband,68,565,0.000
BAM,32750,deadband,68,565,0.000
BAM,32760,deadband,68,565,0.000
BAM,32770,deadband,68,565,0.000
BAM,32780,deadband,68,565,0.000
BAM,32790,deadband,68,565,0.000
BAM,32800,deadband,68,565,0.000
BAM,32810,deadband,70,565,0.000
BAM,32820,deadband,70,565,0.000
BAM,32830,deadband,70,565,0.000
BAM,32840,deadband,70,565,0.000
BAM,32850,deadband,70,565,0.000
BAM,32860,deadband,70,565,0.000
BAM,32870,deadband,70,565,0.000
BAM,32880,deadband,70,565,0.000
BAM,32890,deadband,70,565,0.000
BAM,32900,deadband,70,565,0.000
BAM,32910,deadband,70,565,0.000
BAM,32920,deadband,70,565,0.000
BAM,32930,deadband,70,565,0.000
BAM,32940,deadband,70,565,0.000
BAM,32950,deadband,70,565,0.000
BAM,32960,deadband,70,565,0.000
BAM,32970,deadband,70,565,0.000
BAM,32980,deadband,70,565,0.000
BAM,32990,deadband,70,565,0.000
BAM,33000,deadband,70,565,0.000
BAM,33010,deadband,72,565,0.000
BAM,33020,deadband,72,565,0.000
BAM,33030,deadband,72,565,0.000
BAM,33040,deadband,72,565,0.000
BAM,33050,deadband,72,565,0.000
BAM,33060,deadband,72,565,0.000
BAM,33070,deadband,72,565,0.000
BAM,33080,deadband,72,565,0.000
BAM,33090,deadband,72,565,0.000
BAM,33100,deadband,72,565,0.000
BAM,33110,deadband,72,565,0.000
BAM,33120,deadband,72,565,0.000
BAM,33130,deadband,72,565,0.000
BAM,33140,deadband,72,565,0.000
BAM,33150,deadband,72,565,0.000
BAM,33160,deadband,72,565,0.000
BAM,33170,deadband,72,565,0.000
BAM,33180,deadband,72,565,0.000
BAM,33190,deadband,72,565,0.000
BAM,33200,deadband,72,565,0.000
BAM,33210,deadband,74,565,0.000
BAM,33220,deadband,74,565,0.000
BAM,33230,deadband,74,565,0.000
BAM,33240,deadband,74,565,0.000
BAM,33250,deadband,74,565,0.000
BAM,33260,deadband,74,565,0.000
BAM,33270,deadband,74,565,0.000
BAM,33280,deadband,74,565,0.000
BAM,33290,deadband,74,565,0.000
BAM,33300,deadband,74,565,0.000
BAM,33310,deadband,74,565,0.000
BAM,33320,deadband,74,565,0.000
BAM,33330,deadband,74,565,0.000
BAM,33340,deadband,74,565,0.000
BAM,33350,deadband,74,565,0.000
BAM,33360,deadband,74,565,0.000
BAM,33370,deadband,74,565,0.000
BAM,33380,deadband,74,565,0.000
BAM,33390,deadband,74,565,0.000
BAM,33400,deadband,74,565,0.000
BAM,33410,deadband,76,565,0.000
BAM,33420,deadband,76,565,0.000
BAM,33430,deadband,76,565,0.000
BAM,33440,deadband,76,565,0.000
BAM,33450,deadband,76,565,0.000
BAM,33460,deadband,76,565,0.000
BAM,33470,deadband,76,565,0.000
BAM,33480,deadband,76,565,0.000
BAM,33490,deadband,76,565,0.000
BAM,33500,deadband,76,565,0.000
BAM,33510,deadband,76,565,0.000
BAM,33520,deadband,76,565,0.000
BAM,33530,deadband,76,565,0.000
BAM,33540,deadband,76,565,0.000
BAM,33550,deadband,76,565,0.000
BAM,33560,deadband,76,565,0.000
BAM,33570,deadband,76,565,0.000
BAM,33580,deadband,76,565,0.000
BAM,33590,deadband,76,565,0.000
BAM,33600,deadband,76,565,0.000
BAM,33610,deadband,78,565,0.000
BAM,33620,deadband,78,565,0.000
BAM,33630,deadband,78,565,0.000
BAM,33640,deadband,78,565,0.000
BAM,33650,deadband,78,565,0.000
BAM,33660,deadband,78,565,0.000
BAM,33670,deadband,78,565,0.000
BAM,33680,deadband,78,565,0.000
BAM,33690,deadband,78,565,0.000
BAM,33700,deadband,78,565,0.000
BAM,33710,deadband,78,565,0.000
BAM,33720,deadband,78,565,0.000
BAM,33730,deadband,78,565,0.000
BAM,33740,deadband,78,565,0.000
BAM,33750,deadband,78,565,0.000
BAM,33760,deadband,78,565,0.000
BAM,33770,deadband,78,565,0.000
BAM,33780,deadband,78,565,0.000
BAM,33790,deadband,78,565,0.000
BAM,33800,deadband,78,565,0.000
BAM,33810,deadband,80,565,0.000
BAM,33820,deadband,80,565,0.000
BAM,33830,deadband,80,565,0.000
BAM,33840,deadband,80,565,0.000
BAM,33850,deadband,80,565,0.000
BAM,33860,deadband,80,565,0.000
BAM,33870,deadband,80,565,0.000
BAM,33880,deadband,80,565,0.000
BAM,33890,deadband,80,565,0.000
BAM,33900,deadband,80,565,0.000
BAM,33910,deadband,80,565,0.000
BAM,33920,deadband,80,565,0.000
BAM,33930,deadband,80,565,0.000
BAM,33940,deadband,80,565,0.000
BAM,33950,deadband,80,565,0.000
BAM,33960,deadband,80,565,0.000
BAM,33970,deadband,80,565,0.000
BAM,33980,deadband,80,565,0.000
BAM,33990,deadband,80,565,0.000
BAM,34000,deadband,80,565,0.000
BAM,34010,deadband,82,565,0.000
BAM,34020,deadband,82,565,0.000
BAM,34030,deadband,82,565,0.000
BAM,34040,deadband,82,565,0.000
BAM,34050,deadband,82,565,0.000
BAM,34060,deadband,82,565,0.000
BAM,34070,deadband,82,565,0.000
BAM,34080,deadband,82,565,0.000
BAM,34090,deadband,82,565,0.000
BAM,34100,deadband,82,565,0.000
BAM,34110,deadband,82,565,0.000
BAM,34120,deadband,82,565,0.000
BAM,34130,deadband,82,565,0.000
BAM,34140,deadband,82,565,0.000
BAM,34150,deadband,82,565,0.000
BAM,34160,deadband,82,565,0.000
BAM,34170,deadband,82,565,0.000
BAM,34180,deadband,82,565,0.000
BAM,34190,deadband,82,565,0.000
BAM,34200,deadband,82,565,0.000
BAM,34210,deadband,84,565,0.000
BAM,34220,deadband,84,565,0.000
BAM,34230,deadband,84,565,0.000
BAM,34240,deadband,84,565,0.000
BAM,34250,deadband,84,565,0.000
BAM,34260,deadband,84,565,0.000
BAM,34270,deadband,84,565,0.000
BAM,34280,deadband,84,565,0.000
BAM,34290,deadband,84,565,0.000
BAM,34300,deadband,84,565,0.000
BAM,34310,deadband,84,565,0.000
BAM,34320,deadband,84,565,0.000
BAM,34330,deadband,84,565,0.000
BAM,34340,deadband,84,565,0.000
BAM,34350,deadband,84,565,0.000
BAM,34360,deadband,84,565,0.000
BAM,34370,deadband,84,565,0.000
BAM,34380,deadband,84,565,0.000
BAM,34390,deadband,84,565,0.000
BAM,34400,deadband,84,565,0.000
BAM,34410,deadband,86,565,0.000
BAM,34420,deadband,86,565,0.000
BAM,34430,deadband,86,565,0.000
BAM,34440,deadband,86,565,0.000
BAM,34450,deadband,86,565,0.000
BAM,34460,deadband,86,565,0.000
BAM,34470,deadband,86,565,0.000
BAM,34480,deadband,86,565,0.000
BAM,34490,deadband,86,565,0.000
BAM,34500,deadband,86,565,0.000
BAM,34510,deadband,86,565,0.000
BAM,34520,deadband,86,565,0.000
BAM,34530,deadband,86,565,0.000
BAM,34540,deadband,86,565,0.000
BAM,34550,deadband,86,565,0.000
BAM,34560,deadband,86,565,0.000
BAM,34570,deadband,86,565,0.000
BAM,34580,deadband,86,565,0.000
BAM,34590,deadband,86,565,0.000
BAM,34600,deadband,86,565,0.000
BAM,34610,deadband,88,565,0.000
BAM,34620,deadband,88,565,0.000
BAM,34630,deadband,88,565,0.000
BAM,34640,deadband,88,565,0.000
BAM,34650,deadband,88,565,0.000
BAM,34660,deadband,88,565,0.000
BAM,34670,deadband,88,565,0.000
BAM,34680,deadband,88,565,0.000
BAM,34690,deadband,88,565,0.000
BAM,34700,deadband,88,565,0.000
BAM,34710,deadband,88,565,0.000
BAM,34720,deadband,88,565,0.000
BAM,34730,deadband,88,565,0.000
BAM,34740,deadband,88,565,0.000
BAM,34750,deadband,88,565,0.000
BAM,34760,deadband,88,565,0.000
BAM,34770,deadband,88,565,0.000
BAM,34780,deadband,88,565,0.000
BAM,34790,deadband,88,565,0.000
BAM,34800,deadband,88,565,0.000
BAM,34810,deadband,90,565,0.000
BAM,34820,deadband,90,565,0.000
BAM,34830,deadband,90,565,0.000
BAM,34840,deadband,90,565,0.000
BAM,34850,deadband,90,565,0.000
BAM,34860,deadband,90,565,0.000
BAM,34870,deadband,90,565,0.000
BAM,34880,deadband,90,565,0.000
BAM,34890,deadband,90,565,0.000
BAM,34900,deadband,90,565,0.000
BAM,34910,deadband,90,565,0.000
BAM,34920,deadband,90,565,0.000
BAM,34930,deadband,90,565,0.000
BAM,34940,deadband,90,565,0.000
BAM,34950,deadband,90,565,0.000
BAM,34960,deadband,90,565,0.000
BAM,34970,deadband,90,565,0.000
BAM,34980,deadband,90,565,0.000
BAM,34990,deadband,90,565,0.000
BAM,35000,deadband,90,565,0.000
BAM,35010,deadband,92,565,0.000
BAM,35020,deadband,92,565,0.000
BAM,35030,deadband,92,565,0.000
BAM,35040,deadband,92,565,0.000
BAM,35050,deadband,92,565,0.000
BAM,35060,deadband,92,565,0.000
BAM,35070,deadband,92,565,0.000
BAM,35080,deadband,92,565,0.000
BAM,35090,deadband,92,565,0.000
BAM,35100,deadband,92,565,0.000
BAM,35110,deadband,92,565,0.000
BAM,35120,deadband,92,565,0.000
BAM,35130,deadband,92,565,0.000
BAM,35140,deadband,92,565,0.000
BAM,35150,deadband,92,565,0.000
BAM,35160,deadband,92,565,0.000
BAM,35170,deadband,92,565,0.000
BAM,35180,deadband,92,565,0.000
BAM,35190,deadband,92,565,0.000
BAM,35200,deadband,92,565,0.000
BAM,35210,deadband,94,565,0.000
BAM,35220,deadband,94,565,0.000
BAM,35230,deadband,94,565,0.000
BAM,35240,deadband,94,565,0.000
BAM,35250,deadband,94,565,0.000
BAM,35260,deadband,94,565,0.000
BAM,35270,deadband,94,565,0.000
BAM,35280,deadband,94,565,0.000
BAM,35290,deadband,94,565,0.000
BAM,35300,deadband,94,565,0.000
BAM,35310,deadband,94,565,0.000
BAM,35320,deadband,94,565,0.000
BAM,35330,deadband,94,565,0.000
BAM,35340,deadband,94,565,0.000
BAM,35350,deadband,94,565,0.000
BAM,35360,deadband,94,565,0.000
BAM,35370,deadband,94,565,0.000
BAM,35380,deadband,94,565,0.000
BAM,35390,deadband,94,565,0.000
BAM,35400,deadband,94,565,0.000
BAM,35410,deadband,96,565,0.000
BAM,35420,deadband,96,565,0.000
BAM,35430,deadband,96,565,0.000
BAM,35440,deadband,96,565,0.000
BAM,35450,deadband,96,565,0.000
BAM,35460,deadband,96,565,0.000
BAM,35470,deadband,96,565,0.000
BAM,35480,deadband,96,565,0.000
BAM,35490,deadband,96,565,0.000
BAM,35500,deadband,96,565,0.000
BAM,35510,deadband,96,565,0.000
BAM,35520,deadband,96,565,0.000
BAM,35530,deadband,96,565,0.000
BAM,35540,deadband,96,565,0.000
BAM,35550,deadband,96,565,0.000
BAM,35560,deadband,96,565,0.000
BAM,35570,deadband,96,565,0.000
BAM,35580,deadband,96,565,0.000
BAM,35590,deadband,96,565,0.000
BAM,35600,deadband,96,565,0.000
BAM,35610,deadband,98,565,0.000
BAM,35620,deadband,98,565,0.000
BAM,35630,deadband,98,565,0.000
BAM,35640,deadband,98,565,0.000
BAM,35650,deadband,98,565,0.000
BAM,35660,deadband,98,565,0.000
BAM,35670,deadband,98,565,0.000
BAM,35680,deadband,98,565,0.000
BAM,35690,deadband,98,565,0.000
BAM,35700,deadband,98,565,0.000
BAM,35710,deadband,98,565,0.000
BAM,35720,deadband,98,565,0.000
BAM,35730,deadband,98,565,0.000
BAM,35740,deadband,98,565,0.000
BAM,35750,deadband,98,565,0.000
BAM,35760,deadband,98,565,0.000
BAM,35770,deadband,98,565,0.000
BAM,35780,deadband,98,565,0.000
BAM,35790,deadband,98,565,0.000
BAM,35800,deadband,98,565,0.000
BAM,35810,deadband,100,565,0.000
BAM,35820,deadband,100,565,0.000
BAM,35830,deadband,100,565,0.000
BAM,35840,deadband,100,565,0.000
BAM,35850,deadband,100,565,0.000
BAM,35860,deadband,100,565,0.000
BAM,35870,deadband,100,565,0.000
BAM,35880,deadband,100,565,0.000
BAM,35890,deadband,100,565,0.000
BAM,35900,deadband,100,565,0.000
BAM,35910,deadband,100,565,0.000
BAM,35920,deadband,100,565,0.000
BAM,35930,deadband,100,565,0.000
BAM,35940,deadband,100,565,0.000
BAM,35950,deadband,100,565,0.000
BAM,35960,deadband,100,565,0.000
BAM,35970,deadband,100,565,0.000
BAM,35980,deadband,100,565,0.000
BAM,35990,deadband,100,565,0.000
BAM,36000,deadband,100,565,0.000
BAM,36010,deadband,102,565,0.000
BAM,36020,deadband,102,565,0.000
BAM,36030,deadband,102,565,0.000
BAM,36040,deadband,102,565,0.000
BAM,36050,deadband,102,565,0.000
BAM,36060,deadband,102,565,0.000
BAM,36070,deadband,102,565,0.000
BAM,36080,deadband,102,565,0.000
BAM,36090,deadband,102,565,0.000
BAM,36100,deadband,102,565,0.000
BAM,36110,deadband,102,565,0.000
BAM,36120,deadband,102,565,0.000
BAM,36130,deadband,102,565,0.000
BAM,36140,deadband,102,565,0.000
BAM,36150,deadband,102,565,0.000
BAM,36160,deadband,102,565,0.000
BAM,36170,deadband,102,565,0.000
BAM,36180,deadband,102,565,0.000
BAM,36190,deadband,102,565,0.000
BAM,36200,deadband,102,565,0.000
BAM,36210,deadband,104,565,0.000
BAM,36220,deadband,104,565,0.000
BAM,36230,deadband,104,565,0.000
BAM,36240,deadband,104,565,0.000
BAM,36250,deadband,104,565,0.000
BAM,36260,deadband,104,565,0.000
BAM,36270,deadband,104,565,0.000
BAM,36280,deadband,104,565,0.000
BAM,36290,deadband,104,565,0.000
BAM,36300,deadband,104,565,0.000
BAM,36310,deadband,104,565,0.000
BAM,36320,deadband,104,565,0.000
BAM,36330,deadband,104,565,0.000
BAM,36340,deadband,104,565,0.000
BAM,36350,deadband,104,565,0.000
BAM,36360,deadband,104,565,0.000
BAM,36370,deadband,104,565,0.000
BAM,36380,deadband,104,565,0.000
BAM,36390,deadband,104,565,0.000
BAM,36400,deadband,104,565,0.000
BAM,36410,deadband,106,565,0.000
BAM,36420,deadband,106,565,0.000
BAM,36430,deadband,106,565,0.000
BAM,36440,deadband,106,565,0.000
BAM,36450,deadband,106,565,0.000
BAM,36460,deadband,106,565,0.000
BAM,36470,deadband,106,565,0.000
BAM,36480,deadband,106,565,0.000
BAM,36490,deadband,106,565,0.000
BAM,36500,deadband,106,565,0.000
BAM,36510,deadband,106,565,0.000
BAM,36520,deadband,106,565,0.000
BAM,36530,deadband,106,565,0.000
BAM,36540,deadband,106,565,0.000
BAM,36550,deadband,106,565,0.000
BAM,36560,deadband,106,565,0.000
BAM,36570,deadband,106,565,0.000
BAM,36580,deadband,106,565,0.000
BAM,36590,deadband,106,565,0.000
BAM,36600,deadband,106,565,0.000
BAM,36610,deadband,108,565,0.000
BAM,36620,deadband,108,565,0.000
BAM,36630,deadband,108,565,0.000
BAM,36640,deadband,108,565,0.000
BAM,36650,deadband,108,565,0.000
BAM,36660,deadband,108,565,0.000
BAM,36670,deadband,108,565,0.000
BAM,36680,deadband,108,565,0.000
BAM,36690,deadband,108,565,0.000
BAM,36700,deadband,108,565,0.000
BAM,36710,deadband,108,565,0.000
BAM,36720,deadband,108,565,0.000
BAM,36730,deadband,108,565,0.000
BAM,36740,deadband,108,565,0.000
BAM,36750,deadband,108,565,0.000
BAM,36760,deadband,108,565,0.000
BAM,36770,deadband,108,565,0.000
BAM,36780,deadband,108,565,0.000
BAM,36790,deadband,108,565,0.000
BAM,36800,deadband,108,565,0.000
BAM,36810,deadband,110,565,0.000
BAM,36820,deadband,110,565,0.000
BAM,36830,deadband,110,565,0.000
BAM,36840,deadband,110,565,0.000
BAM,36850,deadband,110,565,0.000
BAM,36860,deadband,110,565,0.000
BAM,36870,deadband,110,565,0.000
BAM,36880,deadband,110,565,0.000
BAM,36890,deadband,110,565,0.000
BAM,36900,deadband,110,565,0.000
BAM,36910,deadband,110,565,0.000
BAM,36920,deadband,110,565,0.000
BAM,36930,deadband,110,565,0.000
BAM,36940,deadband,110,565,0.000
BAM,36950,deadband,110,565,0.000
BAM,36960,deadband,110,565,0.000
BAM,36970,deadband,110,565,0.000
BAM,36980,deadband,110,565,0.000
BAM,36990,deadband,110,565,0.000
BAM,37000,deadband,110,565,0.000
BAM,37010,deadband,112,565,0.000
BAM,37020,deadband,112,565,0.000
BAM,37030,deadband,112,565,0.000
BAM,37040,deadband,112,565,0.000
BAM,37050,deadband,112,565,0.000
BAM,37060,deadband,112,565,0.000
BAM,37070,deadband,112,565,0.000
BAM,37080,deadband,112,565,0.000
BAM,37090,deadband,112,565,0.000
BAM,37100,deadband,112,565,0.000
BAM,37110,deadband,112,565,0.000
BAM,37120,deadband,112,565,0.000
BAM,37130,deadband,112,565,0.000
BAM,37140,deadband,112,565,0.000
BAM,37150,deadband,112,565,0.000
BAM,37160,deadband,112,565,0.000
BAM,37170,deadband,112,565,0.000
BAM,37180,deadband,112,565,0.000
BAM,37190,deadband,112,565,0.000
BAM,37200,deadband,112,565,0.000
BAM,37210,deadband,114,565,0.000
BAM,37220,deadband,114,565,0.000
BAM,37230,deadband,114,565,0.000
BAM,37240,deadband,114,565,0.000
BAM,37250,deadband,114,565,0.000
BAM,37260,deadband,114,565,0.000
BAM,37270,deadband,114,565,0.000
BAM,37280,deadband,114,565,0.000
BAM,37290,deadband,114,565,0.000
BAM,37300,deadband,114,565,0.000
BAM,37310,deadband,114,565,0.000
BAM,37320,deadband,114,565,0.000
BAM,37330,deadband,114,565,0.000
BAM,37340,deadband,114,565,0.000
BAM,37350,deadband,114,565,0.000
BAM,37360,deadband,114,565,0.000
BAM,37370,deadband,114,565,0.000
BAM,37380,deadband,114,565,0.000
BAM,37390,deadband,114,565,0.000
BAM,37400,deadband,114,565,0.000
BAM,37410,deadband,116,565,0.000
BAM,37420,deadband,116,565,0.000
BAM,37430,deadband,116,565,0.000
BAM,37440,deadband,116,565,0.000
BAM,37450,deadband,116,565,0.000
BAM,37460,deadband,116,565,0.000
BAM,37470,deadband,116,565,0.000
BAM,37480,deadband,116,565,0.000
BAM,37490,deadband,116,565,0.000
BAM,37500,deadband,116,565,0.000
BAM,37510,deadband,116,565,0.000
BAM,37520,deadband,116,565,0.000
BAM,37530,deadband,116,565,0.000
BAM,37540,deadband,116,565,0.000
BAM,37550,deadband,116,565,0.000
BAM,37560,deadband,116,565,0.000
BAM,37570,deadband,116,565,0.000
BAM,37580,deadband,116,565,0.000
BAM,37590,deadband,116,565,0.000
BAM,37600,deadband,116,565,0.000
BAM,37610,deadband,118,565,0.000
BAM,37620,deadband,118,565,0.000
BAM,37630,deadband,118,565,0.000
BAM,37640,deadband,118,565,0.000
BAM,37650,deadband,118,565,0.000
BAM,37660,deadband,118,565,0.000
BAM,37670,deadband,118,565,0.000
BAM,37680,deadband,118,565,0.000
BAM,37690,deadband,118,565,0.000
BAM,37700,deadband,118,565,0.000
BAM,37710,deadband,118,565,0.000
BAM,37720,deadband,118,565,0.000
BAM,37730,deadband,118,565,0.000
BAM,37740,deadband,118,565,0.000
BAM,37750,deadband,118,565,0.000
BAM,37760,deadband,118,565,0.000
BAM,37770,deadband,118,565,0.000
BAM,37780,deadband,118,565,0.000
BAM,37790,deadband,118,565,0.000
BAM,37800,deadband,118,565,0.000
BAM,37810,deadband,120,565,0.000
BAM,37820,deadband,120,565,0.000
BAM,37830,deadband,120,565,0.000
BAM,37840,deadband,120,565,0.000
BAM,37850,deadband,120,565,0.000
BAM,37860,deadband,120,565,0.000
BAM,37870,deadband,120,565,0.000
BAM,37880,deadband,120,565,0.000
BAM,37890,deadband,120,565,0.000
BAM,37900,deadband,120,565,0.000
BAM,37910,deadband,120,565,0.000
BAM,37920,deadband,120,565,0.000
BAM,37930,deadband,120,565,0.000
BAM,37940,deadband,120,565,0.000
BAM,37950,deadband,120,565,0.000
BAM,37960,deadband,120,565,0.000
BAM,37970,deadband,120,565,0.000
BAM,37980,deadband,120,565,0.000
BAM,37990,deadband,120,565,0.000
BAM,38000,deadband,120,565,0.000
BAM,38010,deadband,122,565,0.000
BAM,38020,deadband,122,565,0.000
BAM,38030,deadband,122,565,0.000
BAM,38040,deadband,122,565,0.000
BAM,38050,deadband,122,565,0.000
BAM,38060,deadband,122,565,0.000
BAM,38070,deadband,122,565,0.000
BAM,38080,deadband,122,565,0.000
BAM,38090,deadband,122,565,0.000
BAM,38100,deadband,122,565,0.000
BAM,38110,deadband,122,565,0.000
BAM,38120,deadband,122,565,0.000
BAM,38130,deadband,122,565,0.000
BAM,38140,deadband,122,565,0.000
BAM,38150,deadband,122,565,0.000
BAM,38160,deadband,122,565,0.000
BAM,38170,deadband,122,565,0.000
BAM,38180,deadband,122,565,0.000
BAM,38190,deadband,122,565,0.000
BAM,38200,deadband,122,565,0.000
BAM,38210,deadband,124,565,0.000
BAM,38220,deadband,124,565,0.000
BAM,38230,deadband,124,565,0.000
BAM,38240,deadband,124,565,0.000
BAM,38250,deadband,124,565,0.000
BAM,38260,deadband,124,565,0.000
BAM,38270,deadband,124,565,0.000
BAM,38280,deadband,124,565,0.000
BAM,38290,deadband,124,565,0.000
BAM,38300,deadband,124,565,0.000
BAM,38310,deadband,124,565,0.000
BAM,38320,deadband,124,565,0.000
BAM,38330,deadband,124,565,0.000
BAM,38340,deadband,124,565,0.000
BAM,38350,deadband,124,565,0.000
BAM,38360,deadband,124,565,0.000
BAM,38370,deadband,124,565,0.000
BAM,38380,deadband,124,565,0.000
BAM,38390,deadband,124,565,0.000
BAM,38400,deadband,124,565,0.000
BAM,38410,deadband,126,565,0.000
BAM,38420,deadband,126,565,0.000
BAM,38430,deadband,126,565,0.000
BAM,38440,deadband,126,565,0.000
BAM,38450,deadband,126,565,0.000
BAM,38460,deadband,126,565,0.000
BAM,38470,deadband,126,565,0.000
BAM,38480,deadband,126,565,0.000
BAM,38490,deadband,126,565,0.000
BAM,38500,deadband,126,565,0.000
BAM,38510,deadband,126,565,0.000
BAM,38520,deadband,126,565,0.000
BAM,38530,deadband,126,565,0.000
BAM,38540,deadband,126,565,0.000
BAM,38550,deadband,126,565,0.000
BAM,38560,deadband,126,565,0.000
BAM,38570,deadband,126,565,0.000
BAM,38580,deadband,126,565,0.000
BAM,38590,deadband,126,565,0.000
BAM,38600,deadband,126,565,0.000
BAM,38610,deadband,128,565,0.000
BAM,38620,deadband,128,565,0.000
BAM,38630,deadband,128,565,0.000
BAM,38640,deadband,128,565,0.000
BAM,38650,deadband,128,565,0.000
BAM,38660,deadband,128,565,0.000
BAM,38670,deadband,128,565,0.000
BAM,38680,deadband,128,565,0.000
BAM,38690,deadband,128,565,0.000
BAM,38700,deadband,128,565,0.000
BAM,38710,deadband,128,565,0.000
BAM,38720,deadband,128,565,0.000
BAM,38730,deadband,128,565,0.000
BAM,38740,deadband,128,565,0.000
BAM,38750,deadband,128,565,0.000
BAM,38760,deadband,128,565,0.000
BAM,38770,deadband,128,565,0.000
BAM,38780,deadband,128,565,0.000
BAM,38790,deadband,128,565,0.000
BAM,38800,deadband,128,565,0.000
BAM,38810,deadband,130,565,0.000
BAM,38820,deadband,130,565,0.000
BAM,38830,deadband,130,565,0.000
BAM,38840,deadband,130,565,0.000
BAM,38850,deadband,130,565,0.000
BAM,38860,deadband,130,565,0.000
BAM,38870,deadband,130,565,0.000
BAM,38880,deadband,130,565,0.000
BAM,38890,deadband,130,565,0.000
BAM,38900,deadband,130,564,-0.318
BAM,38910,deadband,130,564,0.000
BAM,38920,deadband,130,564,0.000
BAM,38930,deadband,130,564,0.000
BAM,38940,deadband,130,564,0.000
BAM,38950,deadband,130,564,0.000
BAM,38960,deadband,130,564,0.000
BAM,38970,deadband,130,564,0.000
BAM,38980,deadband,130,563,-0.318
BAM,38990,deadband,130,563,0.000
BAM,39000,deadband,130,563,0.000
BAM,39010,deadband,132,563,0.000
BAM,39020,deadband,132,563,0.000
BAM,39030,deadband,132,563,0.000
BAM,39040,deadband,132,563,0.000
BAM,39050,deadband,132,563,0.000
BAM,39060,deadband,132,562,-0.318
BAM,39070,deadband,132,562,0.000
BAM,39080,deadband,132,562,0.000
BAM,39090,deadband,132,562,0.000
BAM,39100,deadband,132,562,0.000
BAM,39110,deadband,132,561,-0.318
BAM,39120,deadband,132,561,0.000
BAM,39130,deadband,132,561,0.000
BAM,39140,deadband,132,561,0.000
BAM,39150,deadband,132,561,0.000
BAM,39160,deadband,132,561,0.000
BAM,39170,deadband,132,561,0.000
BAM,39180,deadband,132,561,0.000
BAM,39190,deadband,132,561,0.000
BAM,39200,deadband,132,561,0.000
BAM,39210,deadband,134,561,0.000
BAM,39220,deadband,134,561,0.000
BAM,39230,deadband,134,561,0.000
BAM,39240,deadband,134,561,0.000
BAM,39250,deadband,134,561,0.000
BAM,39260,deadband,134,561,0.000
BAM,39270,deadband,134,561,0.000
BAM,39280,deadband,134,561,0.000
BAM,39290,deadband,134,561,0.000
BAM,39300,deadband,134,561,0.000
BAM,39310,deadband,134,561,0.000
BAM,39320,deadband,134,561,0.000
BAM,39330,deadband,134,561,0.000
BAM,39340,deadband,134,561,0.000
BAM,39350,deadband,134,561,0.000
BAM,39360,deadband,134,561,0.000
BAM,39370,deadband,134,561,0.000
BAM,39380,deadband,134,561,0.000
BAM,39390,deadband,134,561,0.000
BAM,39400,deadband,134,561,0.000
BAM,39410,deadband,136,561,0.000
BAM,39420,deadband,136,561,0.000
BAM,39430,deadband,136,561,0.000
BAM,39440,deadband,136,561,0.000
BAM,39450,deadband,136,561,0.000
BAM,39460,deadband,136,561,0.000
BAM,39470,deadband,136,561,0.000
BAM,39480,deadband,136,560,-0.318
BAM,39490,deadband,136,560,0.000
BAM,39500,deadband,136,560,0.000
BAM,39510,deadband,136,560,0.000
BAM,39520,deadband,136,560,0.000
BAM,39530,deadband,136,560,0.000
BAM,39540,deadband,136,560,0.000
BAM,39550,deadband,136,560,0.000
BAM,39560,deadband,136,560,0.000
BAM,39570,deadband,136,560,0.000
BAM,39580,deadband,136,560,0.000
BAM,39590,deadband,136,560,0.000
BAM,39600,deadband,136,560,0.000
BAM,39610,deadband,138,560,0.000
BAM,39620,deadband,138,560,0.000
BAM,39630,deadband,138,560,0.000
BAM,39640,deadband,138,560,0.000
BAM,39650,deadband,138,560,0.000
BAM,39660,deadband,138,560,0.000
BAM,39670,deadband,138,560,0.000
BAM,39680,deadband,138,560,0.000
BAM,39690,deadband,138,560,0.000
BAM,39700,deadband,138,560,0.000
BAM,39710,deadband,138,560,0.000
BAM,39720,deadband,138,560,0.000
BAM,39730,deadband,138,560,0.000
BAM,39740,deadband,138,560,0.000
BAM,39750,deadband,138,560,0.000
BAM,39760,deadband,138,560,0.000
BAM,39770,deadband,138,560,0.000
BAM,39780,deadband,138,560,0.000
BAM,39790,deadband,138,560,0.000
BAM,39800,deadband,138,560,0.000
BAM,39810,deadband,140,560,0.000
BAM,39820,deadband,140,559,-0.318
BAM,39830,deadband,140,559,0.000
BAM,39840,deadband,140,559,0.000
BAM,39850,deadband,140,559,0.000
BAM,39860,deadband,140,559,0.000
BAM,39870,deadband,140,557,-0.636
BAM,39880,deadband,140,557,0.000
BAM,39890,deadband,140,555,-0.636
BAM,39900,deadband,140,554,-0.318
BAM,39910,deadband,140,553,-0.318
BAM,39920,deadband,140,551,-0.636
BAM,39930,deadband,140,550,-0.318
BAM,39940,deadband,140,549,-0.318
BAM,39950,deadband,140,547,-0.636
BAM,39960,deadband,140,545,-0.636
BAM,39970,deadband,140,544,-0.318
BAM,39980,deadband,140,542,-0.636
BAM,39990,deadband,140,540,-0.636
BAM,40000,deadband,140,538,-0.636
BAM,MARK,breakaway,140,0,-0.636
BAM,40010,deadband,142,536,-0.636
BAM,40020,deadband,142,533,-0.954
BAM,40030,deadband,142,531,-0.636
BAM,40040,deadband,142,529,-0.636
BAM,40050,deadband,142,527,-0.636
BAM,40060,deadband,142,525,-0.636
BAM,40070,deadband,142,522,-0.954
BAM,40080,deadband,142,520,-0.636
BAM,40090,deadband,142,517,-0.954
BAM,40100,deadband,142,515,-0.636
BAM,40110,deadband,142,512,-0.954
BAM,40120,deadband,142,509,-0.954
BAM,40130,deadband,142,507,-0.636
BAM,40140,deadband,142,505,-0.636
BAM,40150,deadband,142,502,-0.954
BAM,40160,deadband,142,499,-0.954
BAM,40170,deadband,142,497,-0.636
BAM,40180,deadband,142,494,-0.954
BAM,40190,deadband,142,491,-0.954
BAM,40200,deadband,142,489,-0.636
BAM,40210,deadband,144,485,-1.272
BAM,40220,deadband,144,483,-0.636
BAM,40230,deadband,144,479,-1.272
BAM,40240,deadband,144,477,-0.636
BAM,40250,deadband,144,473,-1.272
BAM,40260,deadband,144,470,-0.954
BAM,40270,deadband,144,467,-0.954
BAM,40280,deadband,144,464,-0.954
BAM,40290,deadband,144,461,-0.954
BAM,40300,deadband,144,457,-1.272
BAM,40310,deadband,144,454,-0.954
BAM,40320,deadband,144,451,-0.954
BAM,40330,deadband,144,447,-1.272
BAM,40340,deadband,144,443,-1.272
BAM,40350,deadband,144,440,-0.954
BAM,40360,deadband,144,437,-0.954
BAM,40370,deadband,144,433,-1.272
BAM,40380,deadband,144,430,-0.954
BAM,40390,deadband,144,426,-1.272
BAM,40400,deadband,144,423,-0.954
BAM,40410,deadband,146,419,-1.272
BAM,40420,deadband,146,415,-1.272
BAM,40430,deadband,146,412,-0.954
BAM,40440,deadband,146,408,-1.272
BAM,40450,deadband,146,404,-1.272
BAM,40460,deadband,146,400,-1.272
BAM,40470,deadband,146,396,-1.272
BAM,40480,deadband,146,392,-1.272
BAM,40490,deadband,146,388,-1.272
BAM,40500,deadband,146,383,-1.590
BAM,40510,deadband,146,379,-1.272
BAM,40520,deadband,146,375,-1.272
BAM,40530,deadband,146,371,-1.272
BAM,40540,deadband,146,367,-1.272
BAM,40550,deadband,146,363,-1.272
BAM,40560,deadband,146,358,-1.590
BAM,40570,deadband,146,354,-1.272
BAM,40580,deadband,146,349,-1.590
BAM,40590,deadband,146,345,-1.272
BAM,40600,deadband,146,341,-1.272
BAM,40610,deadband,148,337,-1.272
BAM,40620,deadband,148,332,-1.590
BAM,40630,deadband,148,327,-1.590
BAM,40640,deadband,148,323,-1.272
BAM,40650,deadband,148,318,-1.590
BAM,40660,deadband,148,313,-1.590
BAM,40670,deadband,148,309,-1.272
BAM,40680,deadband,148,304,-1.590
BAM,40690,deadband,148,299,-1.590
BAM,40700,deadband,148,294,-1.590
BAM,40710,deadband,148,289,-1.590
BAM,40720,deadband,148,284,-1.590
BAM,40730,deadband,148,279,-1.590
BAM,40740,deadband,148,274,-1.590
BAM,40750,deadband,148,269,-1.590
BAM,40760,deadband,148,264,-1.590
BAM,40770,deadband,148,259,-1.590
BAM,40780,deadband,148,254,-1.590
BAM,40790,deadband,148,249,-1.590
BAM,40800,deadband,148,243,-1.908
BAM,40810,deadband,150,239,-1.272
BAM,40820,deadband,150,233,-1.908
BAM,40830,deadband,150,228,-1.590
BAM,40840,deadband,150,223,-1.590
BAM,40850,deadband,150,217,-1.908
BAM,40860,deadband,150,211,-1.908
BAM,40870,deadband,150,206,-1.590
BAM,40880,deadband,150,201,-1.590
BAM,40890,deadband,150,195,-1.908
BAM,40900,deadband,150,189,-1.908
BAM,40910,deadband,150,183,-1.908
BAM,40920,deadband,150,178,-1.590
BAM,40930,deadband,150,172,-1.908
BAM,40940,deadband,150,166,-1.908
BAM,40950,deadband,150,161,-1.590
BAM,40960,deadband,150,155,-1.908
BAM,40970,deadband,150,149,-1.908
BAM,40980,deadband,150,143,-1.908
BAM,40990,deadband,150,137,-1.908
BAM,41000,deadband,150,131,-1.908
BAM,41010,deadband,152,125,-1.908
BAM,41020,deadband,152,119,-1.908
BAM,41030,deadband,152,113,-1.908
BAM,41040,deadband,152,107,-1.908
BAM,41050,deadband,152,101,-1.908
BAM,41060,deadband,152,95,-1.908
BAM,41070,deadband,152,89,-1.908
BAM,41080,deadband,152,82,-2.226
BAM,41090,deadband,152,76,-1.908
BAM,41100,deadband,152,69,-2.226
BAM,41110,deadband,152,63,-1.908
BAM,41120,deadband,152,57,-1.908
BAM,41130,deadband,152,50,-2.226
BAM,41140,deadband,152,44,-1.908
BAM,41150,deadband,152,37,-2.226
BAM,41160,deadband,152,31,-1.908
BAM,41170,deadband,152,24,-2.226
BAM,41180,deadband,152,17,-2.226
BAM,41190,deadband,152,11,-1.908
BAM,41200,deadband,152,5,-1.908
BAM,41210,deadband,154,-2,-2.226
BAM,41220,deadband,154,-9,-2.226
BAM,41230,deadband,154,-16,-2.226
BAM,41240,deadband,154,-23,-2.226
BAM,41250,deadband,154,-29,-1.908
BAM,41260,deadband,154,-37,-2.544
BAM,41270,deadband,154,-44,-2.226
BAM,41280,deadband,154,-51,-2.226
BAM,41290,deadband,154,-58,-2.226
BAM,41300,deadband,154,-65,-2.226
BAM,41310,deadband,154,-72,-2.226
BAM,41320,deadband,154,-79,-2.226
BAM,41330,deadband,154,-87,-2.544
BAM,41340,deadband,154,-94,-2.226
BAM,41350,deadband,154,-101,-2.226
BAM,41360,deadband,154,-108,-2.226
BAM,41370,deadband,154,-115,-2.226
BAM,41380,deadband,154,-123,-2.544
BAM,41390,deadband,154,-130,-2.226
BAM,41400,deadband,154,-137,-2.226
BAM,41410,deadband,156,-145,-2.544
BAM,41420,deadband,156,-152,-2.226
BAM,41430,deadband,156,-160,-2.544
BAM,41440,deadband,156,-167,-2.226
BAM,41450,deadband,156,-175,-2.544
BAM,41460,deadband,156,-183,-2.544
BAM,41470,deadband,156,-191,-2.544
BAM,41480,deadband,156,-199,-2.544
BAM,41490,deadband,156,-207,-2.544
BAM,41500,deadband,156,-214,-2.226
BAM,41510,deadband,156,-222,-2.544
BAM,41520,deadband,156,-230,-2.544
BAM,41530,deadband,156,-238,-2.544
BAM,41540,deadband,156,-246,-2.544
BAM,41550,deadband,156,-254,-2.544
BAM,41560,deadband,156,-262,-2.544
BAM,41570,deadband,156,-270,-2.544
BAM,41580,deadband,156,-278,-2.544
BAM,41590,deadband,156,-286,-2.544
BAM,41600,deadband,156,-294,-2.544
BAM,41610,deadband,158,-302,-2.544
BAM,41620,deadband,158,-310,-2.544
BAM,41630,deadband,158,-319,-2.862
BAM,41640,deadband,158,-327,-2.544
BAM,41650,deadband,158,-335,-2.544
BAM,41660,deadband,158,-344,-2.862
BAM,41670,deadband,158,-352,-2.544
BAM,41680,deadband,158,-361,-2.862
BAM,41690,deadband,158,-369,-2.544
BAM,41700,deadband,158,-378,-2.862
BAM,41710,deadband,158,-387,-2.862
BAM,41720,deadband,158,-395,-2.544
BAM,41730,deadband,158,-404,-2.862
BAM,41740,deadband,158,-413,-2.862
BAM,41750,deadband,158,-421,-2.544
BAM,41760,deadband,158,-430,-2.862
BAM,41770,deadband,158,-439,-2.862
BAM,41780,deadband,158,-447,-2.544
BAM,41790,deadband,158,-456,-2.862
BAM,41800,deadband,158,-465,-2.862
BAM,41810,deadband,160,-474,-2.862
BAM,41820,deadband,160,-483,-2.862
BAM,41830,deadband,160,-491,-2.544
BAM,41840,deadband,160,-501,-3.180
BAM,41850,deadband,160,-510,-2.862
BAM,41860,deadband,160,-519,-2.862
BAM,41870,deadband,160,-529,-3.180
BAM,41880,deadband,160,-538,-2.862
BAM,41890,deadband,160,-547,-2.862
BAM,41900,deadband,160,-556,-2.862
BAM,41910,deadband,160,-566,-3.180
BAM,41920,deadband,160,-575,-2.862
BAM,41930,deadband,160,-585,-3.180
BAM,41940,deadband,160,-594,-2.862
BAM,41950,deadband,160,-603,-2.862
BAM,41960,deadband,160,-613,-3.180
BAM,41970,deadband,160,-622,-2.862
BAM,41980,deadband,160,-631,-2.862
BAM,41990,deadband,160,-641,-3.180
BAM,42000,deadband,160,-651,-3.180
BAM,42010,deadband,0,-659,-2.544
BAM,42020,deadband,0,-668,-2.862
BAM,42030,deadband,0,-676,-2.544
BAM,42040,deadband,0,-684,-2.544
BAM,42050,deadband,0,-691,-2.226
BAM,42060,deadband,0,-697,-1.908
BAM,42070,deadband,0,-703,-1.908
BAM,42080,deadband,0,-709,-1.908
BAM,42090,deadband,0,-713,-1.272
BAM,42100,deadband,0,-718,-1.590
BAM,42110,deadband,0,-722,-1.272
BAM,42120,deadband,0,-725,-0.954
BAM,42130,deadband,0,-728,-0.954
BAM,42140,deadband,0,-730,-0.636
BAM,42150,deadband,0,-732,-0.636
BAM,42160,deadband,0,-733,-0.318
BAM,42170,deadband,0,-734,-0.318
BAM,42180,deadband,0,-735,-0.318
BAM,42190,deadband,0,-735,0.000
BAM,42200,deadband,0,-735,0.000
BAM,42210,deadband,0,-735,0.000
BAM,42220,deadband,0,-735,0.000
BAM,42230,deadband,0,-735,0.000
BAM,42240,deadband,0,-735,0.000
BAM,42250,deadband,0,-735,0.000
BAM,42260,deadband,0,-735,0.000
BAM,42270,deadband,0,-735,0.000
BAM,42280,deadband,0,-735,0.000
BAM,42290,deadband,0,-735,0.000
BAM,42300,deadband,0,-735,0.000
BAM,42310,deadband,0,-735,0.000
BAM,42320,deadband,0,-735,0.000
BAM,42330,deadband,0,-735,0.000
BAM,42340,deadband,0,-735,0.000
BAM,42350,deadband,0,-735,0.000
BAM,42360,deadband,0,-735,0.000
BAM,42370,deadband,0,-735,0.000
BAM,42380,deadband,0,-735,0.000
BAM,42390,deadband,0,-735,0.000
BAM,42400,deadband,0,-735,0.000
BAM,42410,deadband,0,-735,0.000
BAM,42420,deadband,0,-735,0.000
BAM,42430,deadband,0,-735,0.000
BAM,42440,deadband,0,-735,0.000
BAM,42450,deadband,0,-735,0.000
BAM,42460,deadband,0,-735,0.000
BAM,42470,deadband,0,-735,0.000
BAM,42480,deadband,0,-735,0.000
BAM,42490,deadband,0,-735,0.000
BAM,42500,deadband,0,-735,0.000
BAM,42510,deadband,0,-735,0.000
BAM,42520,deadband,0,-735,0.000
BAM,42530,deadband,0,-735,0.000
BAM,42540,deadband,0,-735,0.000
BAM,42550,deadband,0,-735,0.000
BAM,42560,deadband,0,-735,0.000
BAM,42570,deadband,0,-735,0.000
BAM,42580,deadband,0,-735,0.000
BAM,42590,deadband,0,-735,0.000
BAM,42600,deadband,0,-735,0.000
BAM,42610,deadband,-30,-735,0.000
BAM,42620,deadband,-30,-735,0.000
BAM,42630,deadband,-30,-735,0.000
BAM,42640,deadband,-30,-735,0.000
BAM,42650,deadband,-30,-735,0.000
BAM,42660,deadband,-30,-735,0.000
BAM,42670,deadband,-30,-735,0.000
BAM,42680,deadband,-30,-735,0.000
BAM,42690,deadband,-30,-735,0.000
BAM,42700,deadband,-30,-735,0.000
BAM,42710,deadband,-30,-735,0.000
BAM,42720,deadband,-30,-735,0.000
BAM,42730,deadband,-30,-735,0.000
BAM,42740,deadband,-30,-735,0.000
BAM,42750,deadband,-30,-735,0.000
BAM,42760,deadband,-30,-735,0.000
BAM,42770,deadband,-30,-735,0.000
BAM,42780,deadband,-30,-735,0.000
BAM,42790,deadband,-30,-735,0.000
BAM,42800,deadband,-30,-735,0.000
BAM,42810,deadband,-32,-735,0.000
BAM,42820,deadband,-32,-735,0.000
BAM,42830,deadband,-32,-735,0.000
BAM,42840,deadband,-32,-735,0.000
BAM,42850,deadband,-32,-735,0.000
BAM,42860,deadband,-32,-735,0.000
BAM,42870,deadband,-32,-735,0.000
BAM,42880,deadband,-32,-735,0.000
BAM,42890,deadband,-32,-735,0.000
BAM,42900,deadband,-32,-735,0.000
BAM,42910,deadband,-32,-735,0.000
BAM,42920,deadband,-32,-735,0.000
BAM,42930,deadband,-32,-735,0.000
BAM,42940,deadband,-32,-735,0.000
BAM,42950,deadband,-32,-735,0.000
BAM,42960,deadband,-32,-735,0.000
BAM,42970,deadband,-32,-735,0.000
BAM,42980,deadband,-32,-735,0.000
BAM,42990,deadband,-32,-735,0.000
BAM,43000,deadband,-32,-735,0.000
BAM,43010,deadband,-34,-735,0.000
BAM,43020,deadband,-34,-735,0.000
BAM,43030,deadband,-34,-735,0.000
BAM,43040,deadband,-34,-735,0.000
BAM,43050,deadband,-34,-735,0.000
BAM,43060,deadband,-34,-735,0.000
BAM,43070,deadband,-34,-735,0.000
BAM,43080,deadband,-34,-735,0.000
BAM,43090,deadband,-34,-735,0.000
BAM,43100,deadband,-34,-735,0.000
BAM,43110,deadband,-34,-735,0.000
BAM,43120,deadband,-34,-735,0.000
BAM,43130,deadband,-34,-735,0.000
BAM,43140,deadband,-34,-735,0.000
BAM,43150,deadband,-34,-735,0.000
BAM,43160,deadband,-34,-735,0.000
BAM,43170,deadband,-34,-735,0.000
BAM,43180,deadband,-34,-735,0.000
BAM,43190,deadband,-34,-735,0.000
BAM,43200,deadband,-34,-735,0.000
BAM,43210,deadband,-36,-735,0.000
BAM,43220,deadband,-36,-735,0.000
BAM,43230,deadband,-36,-735,0.000
BAM,43240,deadband,-36,-735,0.000
BAM,43250,deadband,-36,-735,0.000
BAM,43260,deadband,-36,-735,0.000
BAM,43270,deadband,-36,-735,0.000
BAM,43280,deadband,-36,-735,0.000
BAM,43290,deadband,-36,-735,0.000
BAM,43300,deadband,-36,-735,0.000
BAM,43310,deadband,-36,-735,0.000
BAM,43320,deadband,-36,-735,0.000
BAM,43330,deadband,-36,-735,0.000
BAM,43340,deadband,-36,-735,0.000
BAM,43350,deadband,-36,-735,0.000
BAM,43360,deadband,-36,-735,0.000
BAM,43370,deadband,-36,-735,0.000
BAM,43380,deadband,-36,-735,0.000
BAM,43390,deadband,-36,-735,0.000
BAM,43400,deadband,-36,-735,0.000
BAM,43410,deadband,-38,-735,0.000
BAM,43420,deadband,-38,-735,0.000
BAM,43430,deadband,-38,-735,0.000
BAM,43440,deadband,-38,-735,0.000
BAM,43450,deadband,-38,-735,0.000
BAM,43460,deadband,-38,-735,0.000
BAM,43470,deadband,-38,-735,0.000
BAM,43480,deadband,-38,-735,0.000
BAM,43490,deadband,-38,-735,0.000
BAM,43500,deadband,-38,-735,0.000
BAM,43510,deadband,-38,-735,0.000
BAM,43520,deadband,-38,-735,0.000
BAM,43530,deadband,-38,-735,0.000
BAM,43540,deadband,-38,-735,0.000
BAM,43550,deadband,-38,-735,0.000
BAM,43560,deadband,-38,-735,0.000
BAM,43570,deadband,-38,-735,0.000
BAM,43580,deadband,-38,-735,0.000
BAM,43590,deadband,-38,-735,0.000
BAM,43600,deadband,-38,-735,0.000
BAM,43610,deadband,-40,-735,0.000
BAM,43620,deadband,-40,-735,0.000
BAM,43630,deadband,-40,-735,0.000
BAM,43640,deadband,-40,-735,0.000
BAM,43650,deadband,-40,-735,0.000
BAM,43660,deadband,-40,-735,0.000
BAM,43670,deadband,-40,-735,0.000
BAM,43680,deadband,-40,-735,0.000
BAM,43690,deadband,-40,-735,0.000
BAM,43700,deadband,-40,-735,0.000
BAM,43710,deadband,-40,-735,0.000
BAM,43720,deadband,-40,-735,0.000
BAM,43730,deadband,-40,-735,0.000
BAM,43740,deadband,-40,-735,0.000
BAM,43750,deadband,-40,-735,0.000
BAM,43760,deadband,-40,-735,0.000
BAM,43770,deadband,-40,-735,0.000
BAM,43780,deadband,-40,-735,0.000
BAM,43790,deadband,-40,-735,0.000
BAM,43800,deadband,-40,-735,0.000
BAM,43810,deadband,-42,-735,0.000
BAM,43820,deadband,-42,-735,0.000
BAM,43830,deadband,-42,-735,0.000
BAM,43840,deadband,-42,-735,0.000
BAM,43850,deadband,-42,-735,0.000
BAM,43860,deadband,-42,-735,0.000
BAM,43870,deadband,-42,-735,0.000
BAM,43880,deadband,-42,-735,0.000
BAM,43890,deadband,-42,-735,0.000
BAM,43900,deadband,-42,-735,0.000
BAM,43910,deadband,-42,-735,0.000
BAM,43920,deadband,-42,-735,0.000
BAM,43930,deadband,-42,-735,0.000
BAM,43940,deadband,-42,-735,0.000
BAM,43950,deadband,-42,-735,0.000
BAM,43960,deadband,-42,-735,0.000
BAM,43970,deadband,-42,-735,0.000
BAM,43980,deadband,-42,-735,0.000
BAM,43990,deadband,-42,-735,0.000
BAM,44000,deadband,-42,-735,0.000
BAM,44010,deadband,-44,-735,0.000
BAM,44020,deadband,-44,-735,0.000
BAM,44030,deadband,-44,-735,0.000
BAM,44040,deadband,-44,-735,0.000
BAM,44050,deadband,-44,-735,0.000
BAM,44060,deadband,-44,-735,0.000
BAM,44070,deadband,-44,-735,0.000
BAM,44080,deadband,-44,-735,0.000
BAM,44090,deadband,-44,-735,0.000
BAM,44100,deadband,-44,-735,0.000
BAM,44110,deadband,-44,-735,0.000
BAM,44120,deadband,-44,-735,0.000
BAM,44130,deadband,-44,-735,0.000
BAM,44140,deadband,-44,-735,0.000
BAM,44150,deadband,-44,-735,0.000
BAM,44160,deadband,-44,-735,0.000
BAM,44170,deadband,-44,-735,0.000
BAM,44180,deadband,-44,-735,0.000
BAM,44190,deadband,-44,-735,0.000
BAM,44200,deadband,-44,-735,0.000
BAM,44210,deadband,-46,-735,0.000
BAM,44220,deadband,-46,-735,0.000
BAM,44230,deadband,-46,-735,0.000
BAM,44240,deadband,-46,-735,0.000
BAM,44250,deadband,-46,-735,0.000
BAM,44260,deadband,-46,-735,0.000
BAM,44270,deadband,-46,-735,0.000
BAM,44280,deadband,-46,-735,0.000
BAM,44290,deadband,-46,-735,0.000
BAM,44300,deadband,-46,-735,0.000
BAM,44310,deadband,-46,-735,0.000
BAM,44320,deadband,-46,-735,0.000
BAM,44330,deadband,-46,-735,0.000
BAM,44340,deadband,-46,-735,0.000
BAM,44350,deadband,-46,-735,0.000
BAM,44360,deadband,-46,-735,0.000
BAM,44370,deadband,-46,-735,0.000
BAM,44380,deadband,-46,-735,0.000
BAM,44390,deadband,-46,-735,0.000
BAM,44400,deadband,-46,-735,0.000
BAM,44410,deadband,-48,-735,0.000
BAM,44420,deadband,-48,-735,0.000
BAM,44430,deadband,-48,-735,0.000
BAM,44440,deadband,-48,-735,0.000
BAM,44450,deadband,-48,-735,0.000
BAM,44460,deadband,-48,-735,0.000
BAM,44470,deadband,-48,-735,0.000
BAM,44480,deadband,-48,-735,0.000
BAM,44490,deadband,-48,-735,0.000
BAM,44500,deadband,-48,-735,0.000
BAM,44510,deadband,-48,-735,0.000
BAM,44520,deadband,-48,-735,0.000
BAM,44530,deadband,-48,-735,0.000
BAM,44540,deadband,-48,-735,0.000
BAM,44550,deadband,-48,-735,0.000
BAM,44560,deadband,-48,-735,0.000
BAM,44570,deadband,-48,-735,0.000
BAM,44580,deadband,-48,-735,0.000
BAM,44590,deadband,-48,-735,0.000
BAM,44600,deadband,-48,-735,0.000
BAM,44610,deadband,-50,-735,0.000
BAM,44620,deadband,-50,-735,0.000
BAM,44630,deadband,-50,-735,0.000
BAM,44640,deadband,-50,-735,0.000
BAM,44650,deadband,-50,-735,0.000
BAM,44660,deadband,-50,-735,0.000
BAM,44670,deadband,-50,-735,0.000
BAM,44680,deadband,-50,-735,0.000
BAM,44690,deadband,-50,-735,0.000
BAM,44700,deadband,-50,-735,0.000
BAM,44710,deadband,-50,-735,0.000
BAM,44720,deadband,-50,-735,0.000
BAM,44730,deadband,-50,-735,0.000
BAM,44740,deadband,-50,-735,0.000
BAM,44750,deadband,-50,-735,0.000
BAM,44760,deadband,-50,-735,0.000
BAM,44770,deadband,-50,-735,0.000
BAM,44780,deadband,-50,-735,0.000
BAM,44790,deadband,-50,-735,0.000
BAM,44800,deadband,-50,-735,0.000
BAM,44810,deadband,-52,-735,0.000
BAM,44820,deadband,-52,-735,0.000
BAM,44830,deadband,-52,-735,0.000
BAM,44840,deadband,-52,-735,0.000
BAM,44850,deadband,-52,-735,0.000
BAM,44860,deadband,-52,-735,0.000
BAM,44870,deadband,-52,-735,0.000
BAM,44880,deadband,-52,-735,0.000
BAM,44890,deadband,-52,-735,0.000
BAM,44900,deadband,-52,-735,0.000
BAM,44910,deadband,-52,-735,0.000
BAM,44920,deadband,-52,-735,0.000
BAM,44930,deadband,-52,-735,0.000
BAM,44940,deadband,-52,-735,0.000
BAM,44950,deadband,-52,-735,0.000
BAM,44960,deadband,-52,-735,0.000
BAM,44970,deadband,-52,-735,0.000
BAM,44980,deadband,-52,-735,0.000
BAM,44990,deadband,-52,-735,0.000
BAM,45000,deadband,-52,-735,0.000
BAM,45010,deadband,-54,-735,0.000
BAM,45020,deadband,-54,-735,0.000
BAM,45030,deadband,-54,-735,0.000
BAM,45040,deadband,-54,-735,0.000
BAM,45050,deadband,-54,-735,0.000
BAM,45060,deadband,-54,-735,0.000
BAM,45070,deadband,-54,-735,0.000
BAM,45080,deadband,-54,-735,0.000
BAM,45090,deadband,-54,-735,0.000
BAM,45100,deadband,-54,-735,0.000
BAM,45110,deadband,-54,-735,0.000
BAM,45120,deadband,-54,-735,0.000
BAM,45130,deadband,-54,-735,0.000
BAM,45140,deadband,-54,-735,0.000
BAM,45150,deadband,-54,-735,0.000
BAM,45160,deadband,-54,-735,0.000
BAM,45170,deadband,-54,-735,0.000
BAM,45180,deadband,-54,-735,0.000
BAM,45190,deadband,-54,-735,0.000
BAM,45200,deadband,-54,-735,0.000
BAM,45210,deadband,-56,-735,0.000
BAM,45220,deadband,-56,-735,0.000
BAM,45230,deadband,-56,-735,0.000
BAM,45240,deadband,-56,-735,0.000
BAM,45250,deadband,-56,-735,0.000
BAM,45260,deadband,-56,-735,0.000
BAM,45270,deadband,-56,-735,0.000
BAM,45280,deadband,-56,-735,0.000
BAM,45290,deadband,-56,-735,0.000
BAM,45300,deadband,-56,-735,0.000
BAM,45310,deadband,-56,-735,0.000
BAM,45320,deadband,-56,-735,0.000
BAM,45330,deadband,-56,-735,0.000
BAM,45340,deadband,-56,-735,0.000
BAM,45350,deadband,-56,-735,0.000
BAM,45360,deadband,-56,-735,0.000
BAM,45370,deadband,-56,-735,0.000
BAM,45380,deadband,-56,-735,0.000
BAM,45390,deadband,-56,-735,0.000
BAM,45400,deadband,-56,-735,0.000
BAM,45410,deadband,-58,-735,0.000
BAM,45420,deadband,-58,-735,0.000
BAM,45430,deadband,-58,-735,0.000
BAM,45440,deadband,-58,-735,0.000
BAM,45450,deadband,-58,-735,0.000
BAM,45460,deadband,-58,-735,0.000
BAM,45470,deadband,-58,-735,0.000
BAM,45480,deadband,-58,-735,0.000
BAM,45490,deadband,-58,-735,0.000
BAM,45500,deadband,-58,-735,0.000
BAM,45510,deadband,-58,-735,0.000
BAM,45520,deadband,-58,-735,0.000
BAM,45530,deadband,-58,-735,0.000
BAM,45540,deadband,-58,-735,0.000
BAM,45550,deadband,-58,-735,0.000
BAM,45560,deadband,-58,-735,0.000
BAM,45570,deadband,-58,-735,0.000
BAM,45580,deadband,-58,-735,0.000
BAM,45590,deadband,-58,-735,0.000
BAM,45600,deadband,-58,-735,0.000
BAM,45610,deadband,-60,-735,0.000
BAM,45620,deadband,-60,-735,0.000
BAM,45630,deadband,-60,-735,0.000
BAM,45640,deadband,-60,-735,0.000
BAM,45650,deadband,-60,-735,0.000
BAM,45660,deadband,-60,-735,0.000
BAM,45670,deadband,-60,-735,0.000
BAM,45680,deadband,-60,-735,0.000
BAM,45690,deadband,-60,-735,0.000
BAM,45700,deadband,-60,-735,0.000
BAM,45710,deadband,-60,-735,0.000
BAM,45720,deadband,-60,-735,0.000
BAM,45730,deadband,-60,-735,0.000
BAM,45740,deadband,-60,-735,0.000
BAM,45750,deadband,-60,-735,0.000
BAM,45760,deadband,-60,-735,0.000
BAM,45770,deadband,-60,-735,0.000
BAM,45780,deadband,-60,-735,0.000
BAM,45790,deadband,-60,-735,0.000
BAM,45800,deadband,-60,-735,0.000
BAM,45810,deadband,-62,-735,0.000
BAM,45820,deadband,-62,-735,0.000
BAM,45830,deadband,-62,-735,0.000
BAM,45840,deadband,-62,-735,0.000
BAM,45850,deadband,-62,-735,0.000
BAM,45860,deadband,-62,-735,0.000
BAM,45870,deadband,-62,-735,0.000
BAM,45880,deadband,-62,-735,0.000
BAM,45890,deadband,-62,-735,0.000
BAM,45900,deadband,-62,-735,0.000
BAM,45910,deadband,-62,-735,0.000
BAM,45920,deadband,-62,-735,0.000
BAM,45930,deadband,-62,-735,0.000
BAM,45940,deadband,-62,-735,0.000
BAM,45950,deadband,-62,-735,0.000
BAM,45960,deadband,-62,-735,0.000
BAM,45970,deadband,-62,-735,0.000
BAM,45980,deadband,-62,-735,0.000
BAM,45990,deadband,-62,-735,0.000
BAM,46000,deadband,-62,-735,0.000
BAM,46010,deadband,-64,-735,0.000
BAM,46020,deadband,-64,-735,0.000
BAM,46030,deadband,-64,-735,0.000
BAM,46040,deadband,-64,-735,0.000
BAM,46050,deadband,-64,-735,0.000
BAM,46060,deadband,-64,-735,0.000
BAM,46070,deadband,-64,-735,0.000
BAM,46080,deadband,-64,-735,0.000
BAM,46090,deadband,-64,-735,0.000
BAM,46100,deadband,-64,-735,0.000
BAM,46110,deadband,-64,-735,0.000
BAM,46120,deadband,-64,-735,0.000
BAM,46130,deadband,-64,-735,0.000
BAM,46140,deadband,-64,-735,0.000
BAM,46150,deadband,-64,-735,0.000
BAM,46160,deadband,-64,-735,0.000
BAM,46170,deadband,-64,-735,0.000
BAM,46180,deadband,-64,-735,0.000
BAM,46190,deadband,-64,-735,0.000
BAM,46200,deadband,-64,-735,0.000
BAM,46210,deadband,-66,-735,0.000
BAM,46220,deadband,-66,-735,0.000
BAM,46230,deadband,-66,-735,0.000
BAM,46240,deadband,-66,-735,0.000
BAM,46250,deadband,-66,-735,0.000
BAM,46260,deadband,-66,-735,0.000
BAM,46270,deadband,-66,-735,0.000
BAM,46280,deadband,-66,-735,0.000
BAM,46290,deadband,-66,-735,0.000
BAM,46300,deadband,-66,-735,0.000
BAM,46310,deadband,-66,-735,0.000
BAM,46320,deadband,-66,-735,0.000
BAM,46330,deadband,-66,-735,0.000
BAM,46340,deadband,-66,-735,0.000
BAM,46350,deadband,-66,-735,0.000
BAM,46360,deadband,-66,-735,0.000
BAM,46370,deadband,-66,-735,0.000
BAM,46380,deadband,-66,-735,0.000
BAM,46390,deadband,-66,-735,0.000
BAM,46400,deadband,-66,-735,0.000
BAM,46410,deadband,-68,-735,0.000
BAM,46420,deadband,-68,-735,0.000
BAM,46430,deadband,-68,-735,0.000
BAM,46440,deadband,-68,-735,0.000
BAM,46450,deadband,-68,-735,0.000
BAM,46460,deadband,-68,-735,0.000
BAM,46470,deadband,-68,-735,0.000
BAM,46480,deadband,-68,-735,0.000
BAM,46490,deadband,-68,-735,0.000
BAM,46500,deadband,-68,-735,0.000
BAM,46510,deadband,-68,-735,0.000
BAM,46520,deadband,-68,-735,0.000
BAM,46530,deadband,-68,-735,0.000
BAM,46540,deadband,-68,-735,0.000
BAM,46550,deadband,-68,-735,0.000
BAM,46560,deadband,-68,-735,0.000
BAM,46570,deadband,-68,-735,0.000
BAM,46580,deadband,-68,-735,0.000
BAM,46590,deadband,-68,-735,0.000
BAM,46600,deadband,-68,-735,0.000
BAM,46610,deadband,-70,-735,0.000
BAM,46620,deadband,-70,-735,0.000
BAM,46630,deadband,-70,-735,0.000
BAM,46640,deadband,-70,-735,0.000
BAM,46650,deadband,-70,-735,0.000
BAM,46660,deadband,-70,-735,0.000
BAM,46670,deadband,-70,-735,0.000
BAM,46680,deadband,-70,-735,0.000
BAM,46690,deadband,-70,-735,0.000
BAM,46700,deadband,-70,-735,0.000
BAM,46710,deadband,-70,-735,0.000
BAM,46720,deadband,-70,-735,0.000
BAM,46730,deadband,-70,-735,0.000
BAM,46740,deadband,-70,-735,0.000
BAM,46750,deadband,-70,-735,0.000
BAM,46760,deadband,-70,-735,0.000
BAM,46770,deadband,-70,-735,0.000
BAM,46780,deadband,-70,-735,0.000
BAM,46790,deadband,-70,-735,0.000
BAM,46800,deadband,-70,-735,0.000
BAM,46810,deadband,-72,-735,0.000
BAM,46820,deadband,-72,-735,0.000
BAM,46830,deadband,-72,-735,0.000
BAM,46840,deadband,-72,-735,0.000
BAM,46850,deadband,-72,-735,0.000
BAM,46860,deadband,-72,-735,0.000
BAM,46870,deadband,-72,-735,0.000
BAM,46880,deadband,-72,-735,0.000
BAM,46890,deadband,-72,-735,0.000
BAM,46900,deadband,-72,-735,0.000
BAM,46910,deadband,-72,-735,0.000
BAM,46920,deadband,-72,-735,0.000
BAM,46930,deadband,-72,-735,0.000
BAM,46940,deadband,-72,-735,0.000
BAM,46950,deadband,-72,-735,0.000
BAM,46960,deadband,-72,-735,0.000
BAM,46970,deadband,-72,-735,0.000
BAM,46980,deadband,-72,-735,0.000
BAM,46990,deadband,-72,-735,0.000
BAM,47000,deadband,-72,-735,0.000
BAM,47010,deadband,-74,-735,0.000
BAM,47020,deadband,-74,-735,0.000
BAM,47030,deadband,-74,-735,0.000
BAM,47040,deadband,-74,-735,0.000
BAM,47050,deadband,-74,-735,0.000
BAM,47060,deadband,-74,-735,0.000
BAM,47070,deadband,-74,-735,0.000
BAM,47080,deadband,-74,-735,0.000
BAM,47090,deadband,-74,-735,0.000
BAM,47100,deadband,-74,-735,0.000
BAM,47110,deadband,-74,-735,0.000
BAM,47120,deadband,-74,-735,0.000
BAM,47130,deadband,-74,-735,0.000
BAM,47140,deadband,-74,-735,0.000
BAM,47150,deadband,-74,-735,0.000
BAM,47160,deadband,-74,-735,0.000
BAM,47170,deadband,-74,-735,0.000
BAM,47180,deadband,-74,-735,0.000
BAM,47190,deadband,-74,-735,0.000
BAM,47200,deadband,-74,-735,0.000
BAM,47210,deadband,-76,-735,0.000
BAM,47220,deadband,-76,-735,0.000
BAM,47230,deadband,-76,-735,0.000
BAM,47240,deadband,-76,-735,0.000
BAM,47250,deadband,-76,-735,0.000
BAM,47260,deadband,-76,-735,0.000
BAM,47270,deadband,-76,-735,0.000
BAM,47280,deadband,-76,-735,0.000
BAM,47290,deadband,-76,-735,0.000
BAM,47300,deadband,-76,-735,0.000
BAM,47310,deadband,-76,-735,0.000
BAM,47320,deadband,-76,-735,0.000
BAM,47330,deadband,-76,-735,0.000
BAM,47340,deadband,-76,-735,0.000
BAM,47350,deadband,-76,-735,0.000
BAM,47360,deadband,-76,-735,0.000
BAM,47370,deadband,-76,-735,0.000
BAM,47380,deadband,-76,-735,0.000
BAM,47390,deadband,-76,-735,0.000
BAM,47400,deadband,-76,-735,0.000
BAM,47410,deadband,-78,-735,0.000
BAM,47420,deadband,-78,-735,0.000
BAM,47430,deadband,-78,-735,0.000
BAM,47440,deadband,-78,-735,0.000
BAM,47450,deadband,-78,-735,0.000
BAM,47460,deadband,-78,-735,0.000
BAM,47470,deadband,-78,-735,0.000
BAM,47480,deadband,-78,-735,0.000
BAM,47490,deadband,-78,-735,0.000
BAM,47500,deadband,-78,-735,0.000
BAM,47510,deadband,-78,-735,0.000
BAM,47520,deadband,-78,-735,0.000
BAM,47530,deadband,-78,-735,0.000
BAM,47540,deadband,-78,-735,0.000
BAM,47550,deadband,-78,-735,0.000
BAM,47560,deadband,-78,-735,0.000
BAM,47570,deadband,-78,-735,0.000
BAM,47580,deadband,-78,-735,0.000
BAM,47590,deadband,-78,-735,0.000
BAM,47600,deadband,-78,-735,0.000
BAM,47610,deadband,-80,-735,0.000
BAM,47620,deadband,-80,-735,0.000
BAM,47630,deadband,-80,-735,0.000
BAM,47640,deadband,-80,-735,0.000
BAM,47650,deadband,-80,-735,0.000
BAM,47660,deadband,-80,-735,0.000
BAM,47670,deadband,-80,-735,0.000
BAM,47680,deadband,-80,-735,0.000
BAM,47690,deadband,-80,-735,0.000
BAM,47700,deadband,-80,-735,0.000
BAM,47710,deadband,-80,-735,0.000
BAM,47720,deadband,-80,-735,0.000
BAM,47730,deadband,-80,-735,0.000
BAM,47740,deadband,-80,-735,0.000
BAM,47750,deadband,-80,-735,0.000
BAM,47760,deadband,-80,-735,0.000
BAM,47770,deadband,-80,-735,0.000
BAM,47780,deadband,-80,-735,0.000
BAM,47790,deadband,-80,-735,0.000
BAM,47800,deadband,-80,-735,0.000
BAM,47810,deadband,-82,-735,0.000
BAM,47820,deadband,-82,-735,0.000
BAM,47830,deadband,-82,-735,0.000
BAM,47840,deadband,-82,-735,0.000
BAM,47850,deadband,-82,-735,0.000
BAM,47860,deadband,-82,-735,0.000
BAM,47870,deadband,-82,-735,0.000
BAM,47880,deadband,-82,-735,0.000
BAM,47890,deadband,-82,-735,0.000
BAM,47900,deadband,-82,-735,0.000
BAM,47910,deadband,-82,-735,0.000
BAM,47920,deadband,-82,-735,0.000
BAM,47930,deadband,-82,-735,0.000
BAM,47940,deadband,-82,-735,0.000
BAM,47950,deadband,-82,-735,0.000
BAM,47960,deadband,-82,-735,0.000
BAM,47970,deadband,-82,-735,0.000
BAM,47980,deadband,-82,-735,0.000
BAM,47990,deadband,-82,-735,0.000
BAM,48000,deadband,-82,-735,0.000
BAM,48010,deadband,-84,-735,0.000
BAM,48020,deadband,-84,-735,0.000
BAM,48030,deadband,-84,-735,0.000
BAM,48040,deadband,-84,-735,0.000
BAM,48050,deadband,-84,-735,0.000
BAM,48060,deadband,-84,-735,0.000
BAM,48070,deadband,-84,-735,0.000
BAM,48080,deadband,-84,-735,0.000
BAM,48090,deadband,-84,-735,0.000
BAM,48100,deadband,-84,-735,0.000
BAM,48110,deadband,-84,-735,0.000
BAM,48120,deadband,-84,-735,0.000
BAM,48130,deadband,-84,-735,0.000
BAM,48140,deadband,-84,-735,0.000
BAM,48150,deadband,-84,-735,0.000
BAM,48160,deadband,-84,-735,0.000
BAM,48170,deadband,-84,-735,0.000
BAM,48180,deadband,-84,-735,0.000
BAM,48190,deadband,-84,-735,0.000
BAM,48200,deadband,-84,-735,0.000
BAM,48210,deadband,-86,-735,0.000
BAM,48220,deadband,-86,-735,0.000
BAM,48230,deadband,-86,-735,0.000
BAM,48240,deadband,-86,-735,0.000
BAM,48250,deadband,-86,-735,0.000
BAM,48260,deadband,-86,-735,0.000
BAM,48270,deadband,-86,-735,0.000
BAM,48280,deadband,-86,-735,0.000
BAM,48290,deadband,-86,-735,0.000
BAM,48300,deadband,-86,-735,0.000
BAM,48310,deadband,-86,-735,0.000
BAM,48320,deadband,-86,-735,0.000
BAM,48330,deadband,-86,-735,0.000
BAM,48340,deadband,-86,-735,0.000
BAM,48350,deadband,-86,-735,0.000
BAM,48360,deadband,-86,-735,0.000
BAM,48370,deadband,-86,-735,0.000
BAM,48380,deadband,-86,-735,0.000
BAM,48390,deadband,-86,-735,0.000
BAM,48400,deadband,-86,-735,0.000
BAM,48410,deadband,-88,-735,0.000
BAM,48420,deadband,-88,-735,0.000
BAM,48430,deadband,-88,-735,0.000
BAM,48440,deadband,-88,-735,0.000
BAM,48450,deadband,-88,-735,0.000
BAM,48460,deadband,-88,-735,0.000
BAM,48470,deadband,-88,-735,0.000
BAM,48480,deadband,-88,-735,0.000
BAM,48490,deadband,-88,-735,0.000
BAM,48500,deadband,-88,-735,0.000
BAM,48510,deadband,-88,-735,0.000
BAM,48520,deadband,-88,-735,0.000
BAM,48530,deadband,-88,-735,0.000
BAM,48540,deadband,-88,-735,0.000
BAM,48550,deadband,-88,-735,0.000
BAM,48560,deadband,-88,-735,0.000
BAM,48570,deadband,-88,-735,0.000
BAM,48580,deadband,-88,-735,0.000
BAM,48590,deadband,-88,-735,0.000
BAM,48600,deadband,-88,-735,0.000
BAM,48610,deadband,-90,-735,0.000
BAM,48620,deadband,-90,-735,0.000
BAM,48630,deadband,-90,-735,0.000
BAM,48640,deadband,-90,-735,0.000
BAM,48650,deadband,-90,-735,0.000
BAM,48660,deadband,-90,-735,0.000
BAM,48670,deadband,-90,-735,0.000
BAM,48680,deadband,-90,-735,0.000
BAM,48690,deadband,-90,-735,0.000
BAM,48700,deadband,-90,-735,0.000
BAM,48710,deadband,-90,-735,0.000
BAM,48720,deadband,-90,-735,0.000
BAM,48730,deadband,-90,-735,0.000
BAM,48740,deadband,-90,-735,0.000
BAM,48750,deadband,-90,-735,0.000
BAM,48760,deadband,-90,-735,0.000
BAM,48770,deadband,-90,-735,0.000
BAM,48780,deadband,-90,-735,0.000
BAM,48790,deadband,-90,-735,0.000
BAM,48800,deadband,-90,-735,0.000
BAM,48810,deadband,-92,-735,0.000
BAM,48820,deadband,-92,-735,0.000
BAM,48830,deadband,-92,-735,0.000
BAM,48840,deadband,-92,-735,0.000
BAM,48850,deadband,-92,-735,0.000
BAM,48860,deadband,-92,-735,0.000
BAM,48870,deadband,-92,-735,0.000
BAM,48880,deadband,-92,-735,0.000
BAM,48890,deadband,-92,-735,0.000
BAM,48900,deadband,-92,-735,0.000
BAM,48910,deadband,-92,-735,0.000
BAM,48920,deadband,-92,-735,0.000
BAM,48930,deadband,-92,-735,0.000
BAM,48940,deadband,-92,-735,0.000
BAM,48950,deadband,-92,-735,0.000
BAM,48960,deadband,-92,-735,0.000
BAM,48970,deadband,-92,-735,0.000
BAM,48980,deadband,-92,-735,0.000
BAM,48990,deadband,-92,-735,0.000
BAM,49000,deadband,-92,-735,0.000
BAM,49010,deadband,-94,-735,0.000
BAM,49020,deadband,-94,-735,0.000
BAM,49030,deadband,-94,-735,0.000
BAM,49040,deadband,-94,-735,0.000
BAM,49050,deadband,-94,-735,0.000
BAM,49060,deadband,-94,-735,0.000
BAM,49070,deadband,-94,-735,0.000
BAM,49080,deadband,-94,-735,0.000
BAM,49090,deadband,-94,-735,0.000
BAM,49100,deadband,-94,-735,0.000
BAM,49110,deadband,-94,-735,0.000
BAM,49120,deadband,-94,-735,0.000
BAM,49130,deadband,-94,-735,0.000
BAM,49140,deadband,-94,-735,0.000
BAM,49150,deadband,-94,-735,0.000
BAM,49160,deadband,-94,-735,0.000
BAM,49170,deadband,-94,-735,0.000
BAM,49180,deadband,-94,-735,0.000
BAM,49190,deadband,-94,-735,0.000
BAM,49200,deadband,-94,-735,0.000
BAM,49210,deadband,-96,-735,0.000
BAM,49220,deadband,-96,-735,0.000
BAM,49230,deadband,-96,-735,0.000
BAM,49240,deadband,-96,-735,0.000
BAM,49250,deadband,-96,-735,0.000
BAM,49260,deadband,-96,-735,0.000
BAM,49270,deadband,-96,-735,0.000
BAM,49280,deadband,-96,-735,0.000
BAM,49290,deadband,-96,-735,0.000
BAM,49300,deadband,-96,-735,0.000
BAM,49310,deadband,-96,-735,0.000
BAM,49320,deadband,-96,-735,0.000
BAM,49330,deadband,-96,-735,0.000
BAM,49340,deadband,-96,-735,0.000
BAM,49350,deadband,-96,-735,0.000
BAM,49360,deadband,-96,-735,0.000
BAM,49370,deadband,-96,-735,0.000
BAM,49380,deadband,-96,-735,0.000
BAM,49390,deadband,-96,-735,0.000
BAM,49400,deadband,-96,-735,0.000
BAM,49410,deadband,-98,-735,0.000
BAM,49420,deadband,-98,-735,0.000
BAM,49430,deadband,-98,-735,0.000
BAM,49440,deadband,-98,-735,0.000
BAM,49450,deadband,-98,-735,0.000
BAM,49460,deadband,-98,-735,0.000
BAM,49470,deadband,-98,-735,0.000
BAM,49480,deadband,-98,-735,0.000
BAM,49490,deadband,-98,-735,0.000
BAM,49500,deadband,-98,-735,0.000
BAM,49510,deadband,-98,-735,0.000
BAM,49520,deadband,-98,-735,0.000
BAM,49530,deadband,-98,-735,0.000
BAM,49540,deadband,-98,-735,0.000
BAM,49550,deadband,-98,-735,0.000
BAM,49560,deadband,-98,-735,0.000
BAM,49570,deadband,-98,-735,0.000
BAM,49580,deadband,-98,-735,0.000
BAM,49590,deadband,-98,-735,0.000
BAM,49600,deadband,-98,-735,0.000
BAM,49610,deadband,-100,-735,0.000
BAM,49620,deadband,-100,-735,0.000
BAM,49630,deadband,-100,-735,0.000
BAM,49640,deadband,-100,-735,0.000
BAM,49650,deadband,-100,-735,0.000
BAM,49660,deadband,-100,-735,0.000
BAM,49670,deadband,-100,-735,0.000
BAM,49680,deadband,-100,-735,0.000
BAM,49690,deadband,-100,-735,0.000
BAM,49700,deadband,-100,-735,0.000
BAM,49710,deadband,-100,-735,0.000
BAM,49720,deadband,-100,-735,0.000
BAM,49730,deadband,-100,-735,0.000
BAM,49740,deadband,-100,-735,0.000
BAM,49750,deadband,-100,-735,0.000
BAM,49760,deadband,-100,-735,0.000
BAM,49770,deadband,-100,-735,0.000
BAM,49780,deadband,-100,-735,0.000
BAM,49790,deadband,-100,-735,0.000
BAM,49800,deadband,-100,-735,0.000
BAM,49810,deadband,-102,-735,0.000
BAM,49820,deadband,-102,-735,0.000
BAM,49830,deadband,-102,-735,0.000
BAM,49840,deadband,-102,-735,0.000
BAM,49850,deadband,-102,-735,0.000
BAM,49860,deadband,-102,-735,0.000
BAM,49870,deadband,-102,-735,0.000
BAM,49880,deadband,-102,-735,0.000
BAM,49890,deadband,-102,-735,0.000
BAM,49900,deadband,-102,-735,0.000
BAM,49910,deadband,-102,-735,0.000
BAM,49920,deadband,-102,-735,0.000
BAM,49930,deadband,-102,-735,0.000
BAM,49940,deadband,-102,-735,0.000
BAM,49950,deadband,-102,-735,0.000
BAM,49960,deadband,-102,-735,0.000
BAM,49970,deadband,-102,-735,0.000
BAM,49980,deadband,-102,-735,0.000
BAM,49990,deadband,-102,-735,0.000
BAM,50000,deadband,-102,-735,0.000
BAM,50010,deadband,-104,-735,0.000
BAM,50020,deadband,-104,-735,0.000
BAM,50030,deadband,-104,-735,0.000
BAM,50040,deadband,-104,-735,0.000
BAM,50050,deadband,-104,-735,0.000
BAM,50060,deadband,-104,-735,0.000
BAM,50070,deadband,-104,-735,0.000
BAM,50080,deadband,-104,-735,0.000
BAM,50090,deadband,-104,-735,0.000
BAM,50100,deadband,-104,-735,0.000
BAM,50110,deadband,-104,-735,0.000
BAM,50120,deadband,-104,-735,0.000
BAM,50130,deadband,-104,-735,0.000
BAM,50140,deadband,-104,-735,0.000
BAM,50150,deadband,-104,-735,0.000
BAM,50160,deadband,-104,-735,0.000
BAM,50170,deadband,-104,-735,0.000
BAM,50180,deadband,-104,-735,0.000
BAM,50190,deadband,-104,-735,0.000
BAM,50200,deadband,-104,-735,0.000
BAM,50210,deadband,-106,-735,0.000
BAM,50220,deadband,-106,-735,0.000
BAM,50230,deadband,-106,-735,0.000
BAM,50240,deadband,-106,-735,0.000
BAM,50250,deadband,-106,-735,0.000
BAM,50260,deadband,-106,-735,0.000
BAM,50270,deadband,-106,-735,0.000
BAM,50280,deadband,-106,-735,0.000
BAM,50290,deadband,-106,-735,0.000
BAM,50300,deadband,-106,-735,0.000
BAM,50310,deadband,-106,-735,0.000
BAM,50320,deadband,-106,-735,0.000
BAM,50330,deadband,-106,-735,0.000
BAM,50340,deadband,-106,-735,0.000
BAM,50350,deadband,-106,-735,0.000
BAM,50360,deadband,-106,-735,0.000
BAM,50370,deadband,-106,-735,0.000
BAM,50380,deadband,-106,-735,0.000
BAM,50390,deadband,-106,-735,0.000
BAM,50400,deadband,-106,-735,0.000
BAM,50410,deadband,-108,-735,0.000
BAM,50420,deadband,-108,-735,0.000
BAM,50430,deadband,-108,-735,0.000
BAM,50440,deadband,-108,-735,0.000
BAM,50450,deadband,-108,-735,0.000
BAM,50460,deadband,-108,-735,0.000
BAM,50470,deadband,-108,-735,0.000
BAM,50480,deadband,-108,-735,0.000
BAM,50490,deadband,-108,-735,0.000
BAM,50500,deadband,-108,-735,0.000
BAM,50510,deadband,-108,-735,0.000
BAM,50520,deadband,-108,-735,0.000
BAM,50530,deadband,-108,-735,0.000
BAM,50540,deadband,-108,-735,0.000
BAM,50550,deadband,-108,-735,0.000
BAM,50560,deadband,-108,-735,0.000
BAM,50570,deadband,-108,-735,0.000
BAM,50580,deadband,-108,-735,0.000
BAM,50590,deadband,-108,-735,0.000
BAM,50600,deadband,-108,-735,0.000
BAM,50610,deadband,-110,-735,0.000
BAM,50620,deadband,-110,-735,0.000
BAM,50630,deadband,-110,-735,0.000
BAM,50640,deadband,-110,-735,0.000
BAM,50650,deadband,-110,-735,0.000
BAM,50660,deadband,-110,-735,0.000
BAM,50670,deadband,-110,-735,0.000
BAM,50680,deadband,-110,-735,0.000
BAM,50690,deadband,-110,-735,0.000
BAM,50700,deadband,-110,-735,0.000
BAM,50710,deadband,-110,-735,0.000
BAM,50720,deadband,-110,-735,0.000
BAM,50730,deadband,-110,-735,0.000
BAM,50740,deadband,-110,-735,0.000
BAM,50750,deadband,-110,-735,0.000
BAM,50760,deadband,-110,-735,0.000
BAM,50770,deadband,-110,-735,0.000
BAM,50780,deadband,-110,-735,0.000
BAM,50790,deadband,-110,-735,0.000
BAM,50800,deadband,-110,-735,0.000
BAM,50810,deadband,-112,-735,0.000
BAM,50820,deadband,-112,-735,0.000
BAM,50830,deadband,-112,-735,0.000
BAM,50840,deadband,-112,-735,0.000
BAM,50850,deadband,-112,-735,0.000
BAM,50860,deadband,-112,-735,0.000
BAM,50870,deadband,-112,-735,0.000
BAM,50880,deadband,-112,-735,0.000
BAM,50890,deadband,-112,-735,0.000
BAM,50900,deadband,-112,-735,0.000
BAM,50910,deadband,-112,-735,0.000
BAM,50920,deadband,-112,-735,0.000
BAM,50930,deadband,-112,-735,0.000
BAM,50940,deadband,-112,-735,0.000
BAM,50950,deadband,-112,-735,0.000
BAM,50960,deadband,-112,-735,0.000
BAM,50970,deadband,-112,-735,0.000
BAM,50980,deadband,-112,-735,0.000
BAM,50990,deadband,-112,-735,0.000
BAM,51000,deadband,-112,-735,0.000
BAM,51010,deadband,-114,-735,0.000
BAM,51020,deadband,-114,-735,0.000
BAM,51030,deadband,-114,-735,0.000
BAM,51040,deadband,-114,-735,0.000
BAM,51050,deadband,-114,-735,0.000
BAM,51060,deadband,-114,-735,0.000
BAM,51070,deadband,-114,-735,0.000
BAM,51080,deadband,-114,-735,0.000
BAM,51090,deadband,-114,-735,0.000
BAM,51100,deadband,-114,-735,0.000
BAM,51110,deadband,-114,-735,0.000
BAM,51120,deadband,-114,-735,0.000
BAM,51130,deadband,-114,-735,0.000
BAM,51140,deadband,-114,-735,0.000
BAM,51150,deadband,-114,-735,0.000
BAM,51160,deadband,-114,-735,0.000
BAM,51170,deadband,-114,-735,0.000
BAM,51180,deadband,-114,-735,0.000
BAM,51190,deadband,-114,-735,0.000
BAM,51200,deadband,-114,-735,0.000
BAM,51210,deadband,-116,-735,0.000
BAM,51220,deadband,-116,-735,0.000
BAM,51230,deadband,-116,-735,0.000
BAM,51240,deadband,-116,-735,0.000
BAM,51250,deadband,-116,-735,0.000
BAM,51260,deadband,-116,-735,0.000
BAM,51270,deadband,-116,-735,0.000
BAM,51280,deadband,-116,-735,0.000
BAM,51290,deadband,-116,-735,0.000
BAM,51300,deadband,-116,-735,0.000
BAM,51310,deadband,-116,-735,0.000
BAM,51320,deadband,-116,-735,0.000
BAM,51330,deadband,-116,-735,0.000
BAM,51340,deadband,-116,-735,0.000
BAM,51350,deadband,-116,-735,0.000
BAM,51360,deadband,-116,-735,0.000
BAM,51370,deadband,-116,-735,0.000
BAM,51380,deadband,-116,-735,0.000
BAM,51390,deadband,-116,-735,0.000
BAM,51400,deadband,-116,-735,0.000
BAM,51410,deadband,-118,-735,0.000
BAM,51420,deadband,-118,-735,0.000
BAM,51430,deadband,-118,-735,0.000
BAM,51440,deadband,-118,-735,0.000
BAM,51450,deadband,-118,-735,0.000
BAM,51460,deadband,-118,-735,0.000
BAM,51470,deadband,-118,-735,0.000
BAM,51480,deadband,-118,-735,0.000
BAM,51490,deadband,-118,-735,0.000
BAM,51500,deadband,-118,-735,0.000
BAM,51510,deadband,-118,-735,0.000
BAM,51520,deadband,-118,-735,0.000
BAM,51530,deadband,-118,-735,0.000
BAM,51540,deadband,-118,-735,0.000
BAM,51550,deadband,-118,-735,0.000
BAM,51560,deadband,-118,-735,0.000
BAM,51570,deadband,-118,-735,0.000
BAM,51580,deadband,-118,-735,0.000
BAM,51590,deadband,-118,-735,0.000
BAM,51600,deadband,-118,-735,0.000
BAM,51610,deadband,-120,-735,0.000
BAM,51620,deadband,-120,-735,0.000
BAM,51630,deadband,-120,-735,0.000
BAM,51640,deadband,-120,-735,0.000
BAM,51650,deadband,-120,-735,0.000
BAM,51660,deadband,-120,-735,0.000
BAM,51670,deadband,-120,-735,0.000
BAM,51680,deadband,-120,-735,0.000
BAM,51690,deadband,-120,-735,0.000
BAM,51700,deadband,-120,-735,0.000
BAM,51710,deadband,-120,-735,0.000
BAM,51720,deadband,-120,-735,0.000
BAM,51730,deadband,-120,-735,0.000
BAM,51740,deadband,-120,-735,0.000
BAM,51750,deadband,-120,-735,0.000
BAM,51760,deadband,-120,-735,0.000
BAM,51770,deadband,-120,-735,0.000
BAM,51780,deadband,-120,-735,0.000
BAM,51790,deadband,-120,-735,0.000
BAM,51800,deadband,-120,-735,0.000
BAM,51810,deadband,-122,-735,0.000
BAM,51820,deadband,-122,-735,0.000
BAM,51830,deadband,-122,-735,0.000
BAM,51840,deadband,-122,-735,0.000
BAM,51850,deadband,-122,-735,0.000
BAM,51860,deadband,-122,-735,0.000
BAM,51870,deadband,-122,-735,0.000
BAM,51880,deadband,-122,-735,0.000
BAM,51890,deadband,-122,-735,0.000
BAM,51900,deadband,-122,-735,0.000
BAM,51910,deadband,-122,-735,0.000
BAM,51920,deadband,-122,-735,0.000
BAM,51930,deadband,-122,-735,0.000
BAM,51940,deadband,-122,-735,0.000
BAM,51950,deadband,-122,-735,0.000
BAM,51960,deadband,-122,-735,0.000
BAM,51970,deadband,-122,-735,0.000
BAM,51980,deadband,-122,-735,0.000
BAM,51990,deadband,-122,-735,0.000
BAM,52000,deadband,-122,-735,0.000
BAM,52010,deadband,-124,-735,0.000
BAM,52020,deadband,-124,-735,0.000
BAM,52030,deadband,-124,-735,0.000
BAM,52040,deadband,-124,-735,0.000
BAM,52050,deadband,-124,-735,0.000
BAM,52060,deadband,-124,-735,0.000
BAM,52070,deadband,-124,-735,0.000
BAM,52080,deadband,-124,-735,0.000
BAM,52090,deadband,-124,-735,0.000
BAM,52100,deadband,-124,-735,0.000
BAM,52110,deadband,-124,-735,0.000
BAM,52120,deadband,-124,-735,0.000
BAM,52130,deadband,-124,-735,0.000
BAM,52140,deadband,-124,-735,0.000
BAM,52150,deadband,-124,-735,0.000
BAM,52160,deadband,-124,-735,0.000
BAM,52170,deadband,-124,-735,0.000
BAM,52180,deadband,-124,-735,0.000
BAM,52190,deadband,-124,-735,0.000
BAM,52200,deadband,-124,-735,0.000
BAM,52210,deadband,-126,-735,0.000
BAM,52220,deadband,-126,-735,0.000
BAM,52230,deadband,-126,-735,0.000
BAM,52240,deadband,-126,-735,0.000
BAM,52250,deadband,-126,-735,0.000
BAM,52260,deadband,-126,-735,0.000
BAM,52270,deadband,-126,-735,0.000
BAM,52280,deadband,-126,-735,0.000
BAM,52290,deadband,-126,-735,0.000
BAM,52300,deadband,-126,-735,0.000
BAM,52310,deadband,-126,-735,0.000
BAM,52320,deadband,-126,-735,0.000
BAM,52330,deadband,-126,-735,0.000
BAM,52340,deadband,-126,-735,0.000
BAM,52350,deadband,-126,-735,0.000
BAM,52360,deadband,-126,-735,0.000
BAM,52370,deadband,-126,-735,0.000
BAM,52380,deadband,-126,-735,0.000
BAM,52390,deadband,-126,-735,0.000
BAM,52400,deadband,-126,-735,0.000
BAM,52410,deadband,-128,-735,0.000
BAM,52420,deadband,-128,-735,0.000
BAM,52430,deadband,-128,-735,0.000
BAM,52440,deadband,-128,-735,0.000
BAM,52450,deadband,-128,-735,0.000
BAM,52460,deadband,-128,-735,0.000
BAM,52470,deadband,-128,-735,0.000
BAM,52480,deadband,-128,-735,0.000
BAM,52490,deadband,-128,-735,0.000
BAM,52500,deadband,-128,-735,0.000
BAM,52510,deadband,-128,-735,0.000
BAM,52520,deadband,-128,-735,0.000
BAM,52530,deadband,-128,-735,0.000
BAM,52540,deadband,-128,-735,0.000
BAM,52550,deadband,-128,-735,0.000
BAM,52560,deadband,-128,-735,0.000
BAM,52570,deadband,-128,-735,0.000
BAM,52580,deadband,-128,-735,0.000
BAM,52590,deadband,-128,-735,0.000
BAM,52600,deadband,-128,-735,0.000
BAM,52610,deadband,-130,-735,0.000
BAM,52620,deadband,-130,-735,0.000
BAM,52630,deadband,-130,-735,0.000
BAM,52640,deadband,-130,-735,0.000
BAM,52650,deadband,-130,-735,0.000
BAM,52660,deadband,-130,-735,0.000
BAM,52670,deadband,-130,-735,0.000
BAM,52680,deadband,-130,-735,0.000
BAM,52690,deadband,-130,-735,0.000
BAM,52700,deadband,-130,-735,0.000
BAM,52710,deadband,-130,-735,0.000
BAM,52720,deadband,-130,-735,0.000
BAM,52730,deadband,-130,-735,0.000
BAM,52740,deadband,-130,-735,0.000
BAM,52750,deadband,-130,-735,0.000
BAM,52760,deadband,-130,-735,0.000
BAM,52770,deadband,-130,-735,0.000
BAM,52780,deadband,-130,-735,0.000
BAM,52790,deadband,-130,-735,0.000
BAM,52800,deadband,-130,-735,0.000
BAM,52810,deadband,-132,-735,0.000
BAM,52820,deadband,-132,-735,0.000
BAM,52830,deadband,-132,-735,0.000
BAM,52840,deadband,-132,-735,0.000
BAM,52850,deadband,-132,-735,0.000
BAM,52860,deadband,-132,-735,0.000
BAM,52870,deadband,-132,-735,0.000
BAM,52880,deadband,-132,-735,0.000
BAM,52890,deadband,-132,-735,0.000
BAM,52900,deadband,-132,-735,0.000
BAM,52910,deadband,-132,-735,0.000
BAM,52920,deadband,-132,-735,0.000
BAM,52930,deadband,-132,-735,0.000
BAM,52940,deadband,-132,-735,0.000
BAM,52950,deadband,-132,-735,0.000
BAM,52960,deadband,-132,-735,0.000
BAM,52970,deadband,-132,-735,0.000
BAM,52980,deadband,-132,-735,0.000
BAM,52990,deadband,-132,-735,0.000
BAM,53000,deadband,-132,-735,0.000
BAM,53010,deadband,-134,-735,0.000
BAM,53020,deadband,-134,-735,0.000
BAM,53030,deadband,-134,-735,0.000
BAM,53040,deadband,-134,-735,0.000
BAM,53050,deadband,-134,-735,0.000
BAM,53060,deadband,-134,-735,0.000
BAM,53070,deadband,-134,-735,0.000
BAM,53080,deadband,-134,-735,0.000
BAM,53090,deadband,-134,-735,0.000
BAM,53100,deadband,-134,-735,0.000
BAM,53110,deadband,-134,-735,0.000
BAM,53120,deadband,-134,-735,0.000
BAM,53130,deadband,-134,-735,0.000
BAM,53140,deadband,-134,-735,0.000
BAM,53150,deadband,-134,-735,0.000
BAM,53160,deadband,-134,-735,0.000
BAM,53170,deadband,-134,-735,0.000
BAM,53180,deadband,-134,-735,0.000
BAM,53190,deadband,-134,-735,0.000
BAM,53200,deadband,-134,-735,0.000
BAM,53210,deadband,-136,-735,0.000
BAM,53220,deadband,-136,-735,0.000
BAM,53230,deadband,-136,-735,0.000
BAM,53240,deadband,-136,-735,0.000
BAM,53250,deadband,-136,-735,0.000
BAM,53260,deadband,-136,-735,0.000
BAM,53270,deadband,-136,-735,0.000
BAM,53280,deadband,-136,-735,0.000
BAM,53290,deadband,-136,-735,0.000
BAM,53300,deadband,-136,-735,0.000
BAM,53310,deadband,-136,-735,0.000
BAM,53320,deadband,-136,-735,0.000
BAM,53330,deadband,-136,-735,0.000
BAM,53340,deadband,-136,-735,0.000
BAM,53350,deadband,-136,-735,0.000
BAM,53360,deadband,-136,-735,0.000
BAM,53370,deadband,-136,-735,0.000
BAM,53380,deadband,-136,-735,0.000
BAM,53390,deadband,-136,-735,0.000
BAM,53400,deadband,-136,-735,0.000
BAM,53410,deadband,-138,-735,0.000
BAM,53420,deadband,-138,-735,0.000
BAM,53430,deadband,-138,-734,0.318
BAM,53440,deadband,-138,-734,0.000
BAM,53450,deadband,-138,-733,0.318
BAM,53460,deadband,-138,-733,0.000
BAM,53470,deadband,-138,-733,0.000
BAM,53480,deadband,-138,-732,0.318
BAM,53490,deadband,-138,-732,0.000
BAM,53500,deadband,-138,-732,0.000
BAM,53510,deadband,-138,-732,0.000
BAM,53520,deadband,-138,-732,0.000
BAM,53530,deadband,-138,-732,0.000
BAM,53540,deadband,-138,-732,0.000
BAM,53550,deadband,-138,-732,0.000
BAM,53560,deadband,-138,-732,0.000
BAM,53570,deadband,-138,-732,0.000
BAM,53580,deadband,-138,-732,0.000
BAM,53590,deadband,-138,-732,0.000
BAM,53600,deadband,-138,-732,0.000
BAM,53610,deadband,-140,-732,0.000
BAM,53620,deadband,-140,-732,0.000
BAM,53630,deadband,-140,-732,0.000
BAM,53640,deadband,-140,-732,0.000
BAM,53650,deadband,-140,-732,0.000
BAM,53660,deadband,-140,-732,0.000
BAM,53670,deadband,-140,-732,0.000
BAM,53680,deadband,-140,-732,0.000
BAM,53690,deadband,-140,-732,0.000
BAM,53700,deadband,-140,-732,0.000
BAM,53710,deadband,-140,-732,0.000
BAM,53720,deadband,-140,-732,0.000
BAM,53730,deadband,-140,-732,0.000
BAM,53740,deadband,-140,-732,0.000
BAM,53750,deadband,-140,-732,0.000
BAM,53760,deadband,-140,-732,0.000
BAM,53770,deadband,-140,-732,0.000
BAM,53780,deadband,-140,-732,0.000
BAM,53790,deadband,-140,-732,0.000
BAM,53800,deadband,-140,-732,0.000
BAM,53810,deadband,-142,-732,0.000
BAM,53820,deadband,-142,-732,0.000
BAM,53830,deadband,-142,-731,0.318
BAM,53840,deadband,-142,-730,0.318
BAM,53850,deadband,-142,-728,0.636
BAM,53860,deadband,-142,-726,0.636
BAM,53870,deadband,-142,-724,0.636
BAM,53880,deadband,-142,-721,0.954
BAM,53890,deadband,-142,-719,0.636
BAM,53900,deadband,-142,-717,0.636
BAM,53910,deadband,-142,-714,0.954
BAM,53920,deadband,-142,-712,0.636
BAM,53930,deadband,-142,-709,0.954
BAM,53940,deadband,-142,-707,0.636
BAM,53950,deadband,-142,-704,0.954
BAM,53960,deadband,-142,-701,0.954
BAM,53970,deadband,-142,-699,0.636
BAM,53980,deadband,-142,-696,0.954
BAM,53990,deadband,-142,-693,0.954
BAM,54000,deadband,-142,-690,0.954
BAM,MARK,breakaway,-142,0,0.954
BAM,54010,deadband,-144,-687,0.954
BAM,54020,deadband,-144,-684,0.954
BAM,54030,deadband,-144,-681,0.954
BAM,54040,deadband,-144,-678,0.954
BAM,54050,deadband,-144,-675,0.954
BAM,54060,deadband,-144,-671,1.272
BAM,54070,deadband,-144,-668,0.954
BAM,54080,deadband,-144,-665,0.954
BAM,54090,deadband,-144,-661,1.272
BAM,54100,deadband,-144,-657,1.272
BAM,54110,deadband,-144,-654,0.954
BAM,54120,deadband,-144,-651,0.954
BAM,54130,deadband,-144,-647,1.272
BAM,54140,deadband,-144,-643,1.272
BAM,54150,deadband,-144,-640,0.954
BAM,54160,deadband,-144,-636,1.272
BAM,54170,deadband,-144,-633,0.954
BAM,54180,deadband,-144,-629,1.272
BAM,54190,deadband,-144,-625,1.272
BAM,54200,deadband,-144,-621,1.272
BAM,54210,deadband,-146,-617,1.272
BAM,54220,deadband,-146,-614,0.954
BAM,54230,deadband,-146,-610,1.272
BAM,54240,deadband,-146,-606,1.272
BAM,54250,deadband,-146,-602,1.272
BAM,54260,deadband,-146,-597,1.590
BAM,54270,deadband,-146,-593,1.272
BAM,54280,deadband,-146,-589,1.272
BAM,54290,deadband,-146,-585,1.272
BAM,54300,deadband,-146,-581,1.272
BAM,54310,deadband,-146,-576,1.590
BAM,54320,deadband,-146,-572,1.272
BAM,54330,deadband,-146,-568,1.272
BAM,54340,deadband,-146,-563,1.590
BAM,54350,deadband,-146,-559,1.272
BAM,54360,deadband,-146,-555,1.272
BAM,54370,deadband,-146,-550,1.590
BAM,54380,deadband,-146,-545,1.590
BAM,54390,deadband,-146,-541,1.272
BAM,54400,deadband,-146,-537,1.272
BAM,54410,deadband,-148,-532,1.590
BAM,54420,deadband,-148,-527,1.590
BAM,54430,deadband,-148,-523,1.272
BAM,54440,deadband,-148,-518,1.590
BAM,54450,deadband,-148,-513,1.590
BAM,54460,deadband,-148,-508,1.590
BAM,54470,deadband,-148,-503,1.590
BAM,54480,deadband,-148,-498,1.590
BAM,54490,deadband,-148,-493,1.590
BAM,54500,deadband,-148,-488,1.590
BAM,54510,deadband,-148,-483,1.590
BAM,54520,deadband,-148,-478,1.590
BAM,54530,deadband,-148,-473,1.590
BAM,54540,deadband,-148,-467,1.908
BAM,54550,deadband,-148,-462,1.590
BAM,54560,deadband,-148,-457,1.590
BAM,54570,deadband,-148,-452,1.590
BAM,54580,deadband,-148,-447,1.590
BAM,54590,deadband,-148,-441,1.908
BAM,54600,deadband,-148,-436,1.590
BAM,54610,deadband,-150,-431,1.590
BAM,54620,deadband,-150,-425,1.908
BAM,54630,deadband,-150,-420,1.590
BAM,54640,deadband,-150,-415,1.590
BAM,54650,deadband,-150,-409,1.908
BAM,54660,deadband,-150,-403,1.908
BAM,54670,deadband,-150,-398,1.590
BAM,54680,deadband,-150,-392,1.908
BAM,54690,deadband,-150,-387,1.590
BAM,54700,deadband,-150,-381,1.908
BAM,54710,deadband,-150,-375,1.908
BAM,54720,deadband,-150,-369,1.908
BAM,54730,deadband,-150,-363,1.908
BAM,54740,deadband,-150,-357,1.908
BAM,54750,deadband,-150,-351,1.908
BAM,54760,deadband,-150,-345,1.908
BAM,54770,deadband,-150,-339,1.908
BAM,54780,deadband,-150,-334,1.590
BAM,54790,deadband,-150,-328,1.908
BAM,54800,deadband,-150,-322,1.908
BAM,54810,deadband,-152,-316,1.908
BAM,54820,deadband,-152,-310,1.908
BAM,54830,deadband,-152,-303,2.226
BAM,54840,deadband,-152,-297,1.908
BAM,54850,deadband,-152,-291,1.908
BAM,54860,deadband,-152,-285,1.908
BAM,54870,deadband,-152,-278,2.226
BAM,54880,deadband,-152,-272,1.908
BAM,54890,deadband,-152,-265,2.226
BAM,54900,deadband,-152,-259,1.908
BAM,54910,deadband,-152,-252,2.226
BAM,54920,deadband,-152,-245,2.226
BAM,54930,deadband,-152,-239,1.908
BAM,54940,deadband,-152,-233,1.908
BAM,54950,deadband,-152,-226,2.226
BAM,54960,deadband,-152,-219,2.226
BAM,54970,deadband,-152,-213,1.908
BAM,54980,deadband,-152,-206,2.226
BAM,54990,deadband,-152,-199,2.226
BAM,55000,deadband,-152,-193,1.908
BAM,55010,deadband,-154,-185,2.544
BAM,55020,deadband,-154,-179,1.908
BAM,55030,deadband,-154,-172,2.226
BAM,55040,deadband,-154,-165,2.226
BAM,55050,deadband,-154,-158,2.226
BAM,55060,deadband,-154,-151,2.226
BAM,55070,deadband,-154,-143,2.544
BAM,55080,deadband,-154,-136,2.226
BAM,55090,deadband,-154,-129,2.226
BAM,55100,deadband,-154,-122,2.226
BAM,55110,deadband,-154,-115,2.226
BAM,55120,deadband,-154,-107,2.544
BAM,55130,deadband,-154,-100,2.226
BAM,55140,deadband,-154,-93,2.226
BAM,55150,deadband,-154,-85,2.544
BAM,55160,deadband,-154,-78,2.226
BAM,55170,deadband,-154,-71,2.226
BAM,55180,deadband,-154,-63,2.544
BAM,55190,deadband,-154,-55,2.544
BAM,55200,deadband,-154,-48,2.226
BAM,55210,deadband,-156,-41,2.226
BAM,55220,deadband,-156,-33,2.544
BAM,55230,deadband,-156,-25,2.544
BAM,55240,deadband,-156,-17,2.544
BAM,55250,deadband,-156,-10,2.226
BAM,55260,deadband,-156,-2,2.544
BAM,55270,deadband,-156,6,2.544
BAM,55280,deadband,-156,14,2.544
BAM,55290,deadband,-156,22,2.544
BAM,55300,deadband,-156,30,2.544
BAM,55310,deadband,-156,38,2.544
BAM,55320,deadband,-156,46,2.544
BAM,55330,deadband,-156,54,2.544
BAM,55340,deadband,-156,62,2.544
BAM,55350,deadband,-156,70,2.544
BAM,55360,deadband,-156,79,2.862
BAM,55370,deadband,-156,87,2.544
BAM,55380,deadband,-156,95,2.544
BAM,55390,deadband,-156,103,2.544
BAM,55400,deadband,-156,111,2.544
BAM,55410,deadband,-158,119,2.544
BAM,55420,deadband,-158,127,2.544
BAM,55430,deadband,-158,136,2.862
BAM,55440,deadband,-158,145,2.862
BAM,55450,deadband,-158,153,2.544
BAM,55460,deadband,-158,161,2.544
BAM,55470,deadband,-158,170,2.862
BAM,55480,deadband,-158,179,2.862
BAM,55490,deadband,-158,188,2.862
BAM,55500,deadband,-158,197,2.862
BAM,55510,deadband,-158,205,2.544
BAM,55520,deadband,-158,214,2.862
BAM,55530,deadband,-158,223,2.862
BAM,55540,deadband,-158,232,2.862
BAM,55550,deadband,-158,241,2.862
BAM,55560,deadband,-158,249,2.544
BAM,55570,deadband,-158,258,2.862
BAM,55580,deadband,-158,267,2.862
BAM,55590,deadband,-158,276,2.862
BAM,55600,deadband,-158,285,2.862
BAM,55610,deadband,-160,294,2.862
BAM,55620,deadband,-160,303,2.862
BAM,55630,deadband,-160,313,3.180
BAM,55640,deadband,-160,321,2.544
BAM,55650,deadband,-160,331,3.180
BAM,55660,deadband,-160,341,3.180
BAM,55670,deadband,-160,350,2.862
BAM,55680,deadband,-160,359,2.862
BAM,55690,deadband,-160,369,3.180
BAM,55700,deadband,-160,378,2.862
BAM,55710,deadband,-160,388,3.180
BAM,55720,deadband,-160,397,2.862
BAM,55730,deadband,-160,407,3.180
BAM,55740,deadband,-160,417,3.180
BAM,55750,deadband,-160,426,2.862
BAM,55760,deadband,-160,436,3.180
BAM,55770,deadband,-160,445,2.862
BAM,55780,deadband,-160,455,3.180
BAM,55790,deadband,-160,465,3.180
BAM,55800,deadband,-160,475,3.180
BAM,55810,deadband,0,484,2.862
BAM,55820,deadband,0,493,2.862
BAM,55830,deadband,0,501,2.544
BAM,55840,deadband,0,509,2.544
BAM,55850,deadband,0,516,2.226
BAM,55860,deadband,0,523,2.226
BAM,55870,deadband,0,529,1.908
BAM,55880,deadband,0,535,1.908
BAM,55890,deadband,0,540,1.590
BAM,55900,deadband,0,545,1.590
BAM,55910,deadband,0,549,1.272
BAM,55920,deadband,0,552,0.954
BAM,55930,deadband,0,555,0.954
BAM,55940,deadband,0,558,0.954
BAM,55950,deadband,0,560,0.636
BAM,55960,deadband,0,562,0.636
BAM,55970,deadband,0,563,0.318
BAM,55980,deadband,0,563,0.000
BAM,55990,deadband,0,564,0.318
BAM,56000,deadband,0,564,0.000
BAM,56010,deadband,0,564,0.000
BAM,56020,deadband,0,564,0.000
BAM,56030,deadband,0,564,0.000
BAM,56040,deadband,0,564,0.000
BAM,56050,deadband,0,564,0.000
BAM,56060,deadband,0,564,0.000
BAM,56070,deadband,0,564,0.000
BAM,56080,deadband,0,564,0.000
BAM,56090,deadband,0,564,0.000
BAM,56100,deadband,0,564,0.000
BAM,56110,deadband,0,564,0.000
BAM,56120,deadband,0,564,0.000
BAM,56130,deadband,0,564,0.000
BAM,56140,deadband,0,564,0.000
BAM,56150,deadband,0,564,0.000
BAM,56160,deadband,0,564,0.000
BAM,56170,deadband,0,564,0.000
BAM,56180,deadband,0,564,0.000
BAM,56190,deadband,0,564,0.000
BAM,56200,deadband,0,564,0.000
BAM,56210,deadband,0,564,0.000
BAM,56220,deadband,0,564,0.000
BAM,56230,deadband,0,564,0.000
BAM,56240,deadband,0,564,0.000
BAM,56250,deadband,0,564,0.000
BAM,56260,deadband,0,564,0.000
BAM,56270,deadband,0,564,0.000
BAM,56280,deadband,0,564,0.000
BAM,56290,deadband,0,564,0.000
BAM,56300,deadband,0,564,0.000
BAM,56310,deadband,0,564,0.000
BAM,56320,deadband,0,564,0.000
BAM,56330,deadband,0,564,0.000
BAM,56340,deadband,0,564,0.000
BAM,56350,deadband,0,564,0.000
BAM,56360,deadband,0,564,0.000
BAM,56370,deadband,0,564,0.000
BAM,56380,deadband,0,564,0.000
BAM,56390,deadband,0,564,0.000
BAM,56400,deadband,0,564,0.000
BAM,DONE,end,0,564,0.000
